method	motif	control	threshold	positive_groups	control_groups	positive_hits	control_hits	odds_ratio	p	or_ci_low	or_ci_high	shared_groups_excluded	discordant_pos_only	discordant_null_only	q_run
A2	A2_C00	natural	6.3170160490352645	66	77	5	2	3.0737704918032787	0.16231411616007455	0.5833804584342653	12.503660003391394	0.0			0.2372283236185705
A2	A2_C00	shuffle	6.3170160490352645	66	66	5	4		0.5				4.0	3.0	0.8065104166666667
A2	A2_C01	natural	4.211096525361267	66	77	2	3	0.7708333333333334	0.7650821506414887	0.15735473361315194	4.325708329200959	0.0			0.8062732728825638
A2	A2_C01	shuffle	4.211096525361267	66	66	2	0		0.25				2.0	0.0	0.8065104166666667
A2	A2_C02	natural	9.330726715600518	66	77	9	2	5.921052631578948	0.014548209590110522	1.1883047430063172	20.950653614002103	0.0			0.034551997776512494
A2	A2_C02	shuffle	9.330726715600518	66	66	9	7		0.395263671875				8.0	6.0	0.8065104166666667
A2	A2_C03	natural	5.3404107739285775	66	77	6	6	1.1833333333333333	0.5065507917271332	0.3780248103000494	3.694715735105947	0.0			0.6416310028543688
A2	A2_C03	shuffle	5.3404107739285775	66	66	6	6		0.63671875				4.0	4.0	0.8065104166666667
A2	A2_C04	natural	4.385553505995895	66	77	16	5	4.608	0.002730621859769847	1.5380105059797713	12.060809677685283	0.0			0.010045187626075897
A2	A2_C04	shuffle	4.385553505995895	66	66	16	14		0.395263671875				8.0	6.0	0.8065104166666667
A2	A2_C05	natural	8.314307526610506	66	77	13	8	2.115566037735849	0.09175101783479386	0.8146226996369565	5.225588689744598	0.0			0.15847903080555303
A2	A2_C05	shuffle	8.314307526610506	66	66	13	13		0.5981903076171875				8.0	8.0	0.8065104166666667
A2	A2_C06	natural	3.5993794882445407	66	77	7	8	1.0233050847457628	0.589041847876635	0.3638663331717102	2.919298330054442	0.0			0.6994871943535041
A2	A2_C06	shuffle	3.5993794882445407	66	66	7	8		0.74609375				4.0	5.0	0.8363103305592257
A2	A2_C07	natural	4.537418374053499	66	77	11	2	7.5	0.0037008585990805933	1.5263076861648428	25.655560615589014	0.0			0.010045187626075897
A2	A2_C07	shuffle	4.537418374053499	66	66	11	7		0.21197509765625				9.0	5.0	0.8065104166666667
A2	A2_C08	natural	4.784238309650184	66	77	3	4	0.8690476190476191	0.7108505446686337	0.21400621114404902	3.787144800616904	0.0			0.7944800205120024
A2	A2_C08	shuffle	4.784238309650184	66	66	3	10		1.0				0.0	7.0	1.0
A2	A2_C09	natural	6.8771298814767565	66	77	11	2	7.5	0.0037008585990805933	1.5263076861648428	25.655560615589014	0.0			0.010045187626075897
A2	A2_C09	shuffle	6.8771298814767565	66	66	11	5		0.0546875				8.0	2.0	0.51953125
A2	A2_C10	natural	5.724121529627166	66	77	20	2	16.304347826086957	2.9745029848258773e-06	3.407235753489352	52.02517118862911	0.0			2.8257778355845835e-05
A2	A2_C10	shuffle	5.724121529627166	66	66	20	20		0.5981903076171875				8.0	8.0	0.8065104166666667
A2	A2_C11	natural	3.873093790587725	66	77	11	5	2.88	0.048451795385904904	0.932597671656333	7.999558556378309	0.0			0.09832259916603187
A2	A2_C11	shuffle	3.873093790587725	66	66	11	9		0.395263671875				8.0	6.0	0.8065104166666667
A2	A2_C12	natural	4.907560018101892	66	77	19	4	7.377659574468085	0.00011963803410751437	2.258837426580059	19.904289475445776	0.0			0.0005682806620106932
A2	A2_C12	shuffle	4.907560018101892	66	66	19	21		0.7482776641845703				9.0	11.0	0.8363103305592257
A2	A2_C13	natural	5.1043518945047035	66	77	20	2	16.304347826086957	2.9745029848258773e-06	3.407235753489352	52.02517118862911	0.0			2.8257778355845835e-05
A2	A2_C13	shuffle	5.1043518945047035	66	66	20	20		0.5927352905273438				9.0	9.0	0.8065104166666667
A2	A2_C16	natural	7.133946088752981	66	77	19	4	7.377659574468085	0.00011963803410751437	2.258837426580059	19.904289475445776	0.0			0.0005682806620106932
A2	A2_C16	shuffle	7.133946088752981	66	66	19	18		0.5				10.0	9.0	0.8065104166666667
A2	A2_C17	natural	5.927366852325735	66	77	3	5	0.6857142857142857	0.8062732728825638	0.18244509016878718	2.893390770774009	0.0			0.8062732728825638
A2	A2_C17	shuffle	5.927366852325735	66	66	3	6		0.9375				2.0	5.0	0.9895833333333334
A2	A2_C18	natural	5.197225355557277	66	77	9	5	2.2736842105263158	0.1250541018124704	0.7208028695873622	6.580299311892156	0.0			0.1980023278697448
A2	A2_C18	shuffle	5.197225355557277	66	66	9	1		0.0107421875				9.0	1.0	0.2041015625
A2	A2_C22	natural	3.8377288969308823	66	77	5	4	1.4959016393442623	0.4033773093126374	0.4016543835008691	5.312173940312539	0.0			0.5474406340671507
A2	A2_C22	shuffle	3.8377288969308823	66	66	5	5		0.623046875				5.0	5.0	0.8065104166666667
A2	A2_C23	natural	6.794286931073322	66	77	7	2	4.4491525423728815	0.051748736403174664	0.8742512882303165	16.5754833039555	0.0			0.09832259916603187
A2	A2_C23	shuffle	6.794286931073322	66	66	7	6		0.5				5.0	4.0	0.8065104166666667
