start0	mean_vector_l2_difference_A0_A2	maximum_vector_l2_difference_A0_A2
0	0.8866357	1.115016
1	0.5147499	0.6822732
2	0.28798708	0.39460465
3	0.140074	0.19878346
4	0.04636845	0.06868757
5	3.085621e-07	4.86782e-07
6	3.090615e-07	4.9314025e-07
7	3.0737846e-07	4.638061e-07
8	3.0790784e-07	5.0215306e-07
9	3.0904712e-07	5.1601484e-07
10	3.083506e-07	5.0005167e-07
11	3.0895583e-07	4.901612e-07
12	3.0749794e-07	5.0664966e-07
13	3.0996864e-07	4.812778e-07
14	3.0966615e-07	5.1075125e-07
15	3.0849134e-07	5.101671e-07
16	3.086017e-07	4.7533803e-07
17	3.0818242e-07	5.03374e-07
18	3.0423206e-07	4.7288512e-07
19	3.0236666e-07	4.5408143e-07
20	3.0328954e-07	4.5695782e-07
21	3.0138563e-07	4.378839e-07
22	3.027607e-07	4.650338e-07
23	3.0233755e-07	4.4369796e-07
24	3.0202236e-07	4.341439e-07
25	3.0419926e-07	4.6441352e-07
26	3.04985e-07	4.5166612e-07
27	3.069867e-07	4.7670113e-07
28	3.0870189e-07	4.5329702e-07
29	3.0771307e-07	4.6857653e-07
30	3.0666075e-07	4.4994056e-07
31	3.052809e-07	4.6127008e-07
32	3.0449843e-07	4.904582e-07
33	3.028662e-07	4.5400262e-07
34	3.034637e-07	4.5700642e-07
35	3.030967e-07	5.591408e-07
36	3.0117224e-07	4.5265037e-07
37	3.0434148e-07	4.495809e-07
38	3.0044689e-07	4.4689676e-07
39	3.0024066e-07	4.281297e-07
40	3.0232758e-07	4.895661e-07
41	3.0059897e-07	4.4964818e-07
42	3.0014922e-07	4.2238645e-07
43	3.0148576e-07	4.3197673e-07
44	3.023708e-07	4.238284e-07
45	3.0437374e-07	4.5070564e-07
46	3.0721807e-07	4.671704e-07
47	3.0707307e-07	4.7053442e-07
48	3.0978387e-07	4.853295e-07
49	3.102272e-07	4.7551777e-07
50	3.0788868e-07	4.7524492e-07
51	3.087231e-07	4.528622e-07
52	3.0698243e-07	4.443377e-07
53	3.0492194e-07	4.6484723e-07
54	3.0472256e-07	4.657957e-07
55	3.0464295e-07	4.890844e-07
56	3.0052698e-07	4.3632525e-07
57	3.0224484e-07	4.5814903e-07
58	3.014194e-07	4.691663e-07
59	3.0228503e-07	4.3323428e-07
60	3.027298e-07	4.4644142e-07
61	3.0307856e-07	4.410609e-07
62	3.0441174e-07	4.3661188e-07
63	3.0388532e-07	4.89982e-07
64	3.039049e-07	4.825178e-07
65	3.0363003e-07	4.740746e-07
66	3.0479703e-07	4.8288086e-07
67	0.046397947	0.06908758
68	0.13933285	0.203736
69	0.28392163	0.40699878
70	0.50751185	0.69614404
71	0.8782673	1.1219941
