sequence_id	upstream	downstream	gap	center_distance	up_strand	down_strand
tjupan_diphtheria_main_05798f61d2652e65	EMB_prokbert_C04	EMB_prokbert_C13	-10	0.0	-	+
tjupan_diphtheria_main_05798f61d2652e65	EMB_prokbert_C04	EMB_prokbert_C14	-10	0.0	-	+
tjupan_diphtheria_main_05798f61d2652e65	EMB_prokbert_C04	EMB_prokbert_C23	-9	1.0	-	+
tjupan_diphtheria_main_05798f61d2652e65	EMB_prokbert_C13	EMB_prokbert_C14	-10	0.0	+	+
tjupan_diphtheria_main_05798f61d2652e65	EMB_prokbert_C13	EMB_prokbert_C23	-9	1.0	+	+
tjupan_diphtheria_main_05798f61d2652e65	EMB_prokbert_C14	EMB_prokbert_C23	-9	1.0	+	+
tjupan_diphtheria_main_122f95271412c35f	EMB_prokbert_C13	EMB_prokbert_C14	11	21.0	-	+
tjupan_diphtheria_main_14b9f568a8790367	EMB_prokbert_C02	EMB_prokbert_C15	-10	0.0	-	+
tjupan_diphtheria_main_17d7faf8f0284c4a	EMB_prokbert_C22	EMB_prokbert_C02	19	29.0	+	+
tjupan_diphtheria_main_17d7faf8f0284c4a	EMB_prokbert_C22	EMB_prokbert_C15	19	29.0	+	-
tjupan_diphtheria_main_17d7faf8f0284c4a	EMB_prokbert_C22	EMB_prokbert_C20	19	29.0	+	-
tjupan_diphtheria_main_17d7faf8f0284c4a	EMB_prokbert_C22	EMB_prokbert_C01	39	49.0	+	-
tjupan_diphtheria_main_17d7faf8f0284c4a	EMB_prokbert_C22	EMB_prokbert_C09	39	49.0	+	-
tjupan_diphtheria_main_17d7faf8f0284c4a	EMB_prokbert_C22	EMB_prokbert_C21	40	50.0	+	-
tjupan_diphtheria_main_17d7faf8f0284c4a	EMB_prokbert_C02	EMB_prokbert_C15	-10	0.0	+	-
tjupan_diphtheria_main_17d7faf8f0284c4a	EMB_prokbert_C02	EMB_prokbert_C20	-10	0.0	+	-
tjupan_diphtheria_main_17d7faf8f0284c4a	EMB_prokbert_C02	EMB_prokbert_C01	10	20.0	+	-
tjupan_diphtheria_main_17d7faf8f0284c4a	EMB_prokbert_C02	EMB_prokbert_C09	10	20.0	+	-
tjupan_diphtheria_main_17d7faf8f0284c4a	EMB_prokbert_C02	EMB_prokbert_C21	11	21.0	+	-
tjupan_diphtheria_main_17d7faf8f0284c4a	EMB_prokbert_C15	EMB_prokbert_C20	-10	0.0	-	-
tjupan_diphtheria_main_17d7faf8f0284c4a	EMB_prokbert_C15	EMB_prokbert_C01	10	20.0	-	-
tjupan_diphtheria_main_17d7faf8f0284c4a	EMB_prokbert_C15	EMB_prokbert_C09	10	20.0	-	-
tjupan_diphtheria_main_17d7faf8f0284c4a	EMB_prokbert_C15	EMB_prokbert_C21	11	21.0	-	-
tjupan_diphtheria_main_17d7faf8f0284c4a	EMB_prokbert_C20	EMB_prokbert_C01	10	20.0	-	-
tjupan_diphtheria_main_17d7faf8f0284c4a	EMB_prokbert_C20	EMB_prokbert_C09	10	20.0	-	-
tjupan_diphtheria_main_17d7faf8f0284c4a	EMB_prokbert_C20	EMB_prokbert_C21	11	21.0	-	-
tjupan_diphtheria_main_17d7faf8f0284c4a	EMB_prokbert_C01	EMB_prokbert_C09	-10	0.0	-	-
tjupan_diphtheria_main_17d7faf8f0284c4a	EMB_prokbert_C01	EMB_prokbert_C21	-9	1.0	-	-
tjupan_diphtheria_main_17d7faf8f0284c4a	EMB_prokbert_C09	EMB_prokbert_C21	-9	1.0	-	-
tjupan_diphtheria_main_188d5a291b033b0a	EMB_prokbert_C09	EMB_prokbert_C04	-5	5.0	+	+
tjupan_diphtheria_main_188d5a291b033b0a	EMB_prokbert_C09	EMB_prokbert_C23	-5	5.0	+	-
tjupan_diphtheria_main_188d5a291b033b0a	EMB_prokbert_C09	EMB_prokbert_C14	-2	8.0	+	+
tjupan_diphtheria_main_188d5a291b033b0a	EMB_prokbert_C04	EMB_prokbert_C23	-10	0.0	+	-
tjupan_diphtheria_main_188d5a291b033b0a	EMB_prokbert_C04	EMB_prokbert_C14	-7	3.0	+	+
tjupan_diphtheria_main_188d5a291b033b0a	EMB_prokbert_C23	EMB_prokbert_C14	-7	3.0	-	+
tjupan_diphtheria_main_1929e9f70bdb8e1a	EMB_prokbert_C04	EMB_prokbert_C14	-10	0.0	+	-
tjupan_diphtheria_main_1929e9f70bdb8e1a	EMB_prokbert_C04	EMB_prokbert_C23	-10	0.0	+	-
tjupan_diphtheria_main_1929e9f70bdb8e1a	EMB_prokbert_C14	EMB_prokbert_C23	-10	0.0	-	-
tjupan_diphtheria_main_1afa1ff3732a0b90	EMB_prokbert_C14	EMB_prokbert_C13	38	48.0	-	+
tjupan_diphtheria_main_1c022428198f74fa	EMB_prokbert_C23	EMB_prokbert_C14	-9	1.0	-	+
tjupan_diphtheria_main_1c022428198f74fa	EMB_prokbert_C23	EMB_prokbert_C11	-8	2.0	-	-
tjupan_diphtheria_main_1c022428198f74fa	EMB_prokbert_C23	EMB_prokbert_C16	-8	2.0	-	+
tjupan_diphtheria_main_1c022428198f74fa	EMB_prokbert_C23	EMB_prokbert_C19	-7	3.0	-	-
tjupan_diphtheria_main_1c022428198f74fa	EMB_prokbert_C14	EMB_prokbert_C11	-9	1.0	+	-
tjupan_diphtheria_main_1c022428198f74fa	EMB_prokbert_C14	EMB_prokbert_C16	-9	1.0	+	+
tjupan_diphtheria_main_1c022428198f74fa	EMB_prokbert_C14	EMB_prokbert_C19	-8	2.0	+	-
tjupan_diphtheria_main_1c022428198f74fa	EMB_prokbert_C11	EMB_prokbert_C16	-10	0.0	-	+
tjupan_diphtheria_main_1c022428198f74fa	EMB_prokbert_C11	EMB_prokbert_C19	-9	1.0	-	-
tjupan_diphtheria_main_1c022428198f74fa	EMB_prokbert_C16	EMB_prokbert_C19	-9	1.0	+	-
tjupan_diphtheria_main_1d1c0302abdd7e07	EMB_prokbert_C17	EMB_prokbert_C02	3	13.0	-	+
tjupan_diphtheria_main_1e64876454ea6c60	EMB_prokbert_C11	EMB_prokbert_C14	31	41.0	-	-
tjupan_diphtheria_main_1e64876454ea6c60	EMB_prokbert_C11	EMB_prokbert_C04	34	44.0	-	+
tjupan_diphtheria_main_1e64876454ea6c60	EMB_prokbert_C11	EMB_prokbert_C13	34	44.0	-	+
tjupan_diphtheria_main_1e64876454ea6c60	EMB_prokbert_C11	EMB_prokbert_C23	34	44.0	-	-
tjupan_diphtheria_main_1e64876454ea6c60	EMB_prokbert_C14	EMB_prokbert_C04	-7	3.0	-	+
tjupan_diphtheria_main_1e64876454ea6c60	EMB_prokbert_C14	EMB_prokbert_C13	-7	3.0	-	+
tjupan_diphtheria_main_1e64876454ea6c60	EMB_prokbert_C14	EMB_prokbert_C23	-7	3.0	-	-
tjupan_diphtheria_main_1e64876454ea6c60	EMB_prokbert_C04	EMB_prokbert_C13	-10	0.0	+	+
tjupan_diphtheria_main_1e64876454ea6c60	EMB_prokbert_C04	EMB_prokbert_C23	-10	0.0	+	-
tjupan_diphtheria_main_1e64876454ea6c60	EMB_prokbert_C13	EMB_prokbert_C23	-10	0.0	+	-
tjupan_diphtheria_main_1e9cc1149276c444	EMB_prokbert_C02	EMB_prokbert_C15	-7	3.0	-	+
tjupan_diphtheria_main_1e9cc1149276c444	EMB_prokbert_C02	EMB_prokbert_C20	-7	3.0	-	+
tjupan_diphtheria_main_1e9cc1149276c444	EMB_prokbert_C15	EMB_prokbert_C20	-10	0.0	+	+
tjupan_diphtheria_main_2051daa07c943ac3	EMB_prokbert_C04	EMB_prokbert_C14	-10	0.0	+	-
tjupan_diphtheria_main_2051daa07c943ac3	EMB_prokbert_C04	EMB_prokbert_C23	-9	1.0	+	-
tjupan_diphtheria_main_2051daa07c943ac3	EMB_prokbert_C14	EMB_prokbert_C23	-9	1.0	-	-
tjupan_diphtheria_main_275216440b705da4	EMB_prokbert_C05	EMB_prokbert_C06	-10	0.0	+	+
tjupan_diphtheria_main_275216440b705da4	EMB_prokbert_C05	EMB_prokbert_C01	-8	2.0	+	-
tjupan_diphtheria_main_275216440b705da4	EMB_prokbert_C05	EMB_prokbert_C04	-8	2.0	+	-
tjupan_diphtheria_main_275216440b705da4	EMB_prokbert_C05	EMB_prokbert_C08	-8	2.0	+	+
tjupan_diphtheria_main_275216440b705da4	EMB_prokbert_C05	EMB_prokbert_C11	-8	2.0	+	-
tjupan_diphtheria_main_275216440b705da4	EMB_prokbert_C05	EMB_prokbert_C14	-8	2.0	+	+
tjupan_diphtheria_main_275216440b705da4	EMB_prokbert_C05	EMB_prokbert_C16	-8	2.0	+	+
tjupan_diphtheria_main_275216440b705da4	EMB_prokbert_C05	EMB_prokbert_C21	-8	2.0	+	-
tjupan_diphtheria_main_275216440b705da4	EMB_prokbert_C05	EMB_prokbert_C23	-8	2.0	+	+
tjupan_diphtheria_main_275216440b705da4	EMB_prokbert_C05	EMB_prokbert_C09	-7	3.0	+	-
tjupan_diphtheria_main_275216440b705da4	EMB_prokbert_C06	EMB_prokbert_C01	-8	2.0	+	-
tjupan_diphtheria_main_275216440b705da4	EMB_prokbert_C06	EMB_prokbert_C04	-8	2.0	+	-
tjupan_diphtheria_main_275216440b705da4	EMB_prokbert_C06	EMB_prokbert_C08	-8	2.0	+	+
tjupan_diphtheria_main_275216440b705da4	EMB_prokbert_C06	EMB_prokbert_C11	-8	2.0	+	-
tjupan_diphtheria_main_275216440b705da4	EMB_prokbert_C06	EMB_prokbert_C14	-8	2.0	+	+
tjupan_diphtheria_main_275216440b705da4	EMB_prokbert_C06	EMB_prokbert_C16	-8	2.0	+	+
tjupan_diphtheria_main_275216440b705da4	EMB_prokbert_C06	EMB_prokbert_C21	-8	2.0	+	-
tjupan_diphtheria_main_275216440b705da4	EMB_prokbert_C06	EMB_prokbert_C23	-8	2.0	+	+
tjupan_diphtheria_main_275216440b705da4	EMB_prokbert_C06	EMB_prokbert_C09	-7	3.0	+	-
tjupan_diphtheria_main_275216440b705da4	EMB_prokbert_C01	EMB_prokbert_C04	-10	0.0	-	-
tjupan_diphtheria_main_275216440b705da4	EMB_prokbert_C01	EMB_prokbert_C08	-10	0.0	-	+
tjupan_diphtheria_main_275216440b705da4	EMB_prokbert_C01	EMB_prokbert_C11	-10	0.0	-	-
tjupan_diphtheria_main_275216440b705da4	EMB_prokbert_C01	EMB_prokbert_C14	-10	0.0	-	+
tjupan_diphtheria_main_275216440b705da4	EMB_prokbert_C01	EMB_prokbert_C16	-10	0.0	-	+
tjupan_diphtheria_main_275216440b705da4	EMB_prokbert_C01	EMB_prokbert_C21	-10	0.0	-	-
tjupan_diphtheria_main_275216440b705da4	EMB_prokbert_C01	EMB_prokbert_C23	-10	0.0	-	+
tjupan_diphtheria_main_275216440b705da4	EMB_prokbert_C01	EMB_prokbert_C09	-9	1.0	-	-
tjupan_diphtheria_main_275216440b705da4	EMB_prokbert_C04	EMB_prokbert_C08	-10	0.0	-	+
tjupan_diphtheria_main_275216440b705da4	EMB_prokbert_C04	EMB_prokbert_C11	-10	0.0	-	-
tjupan_diphtheria_main_275216440b705da4	EMB_prokbert_C04	EMB_prokbert_C14	-10	0.0	-	+
tjupan_diphtheria_main_275216440b705da4	EMB_prokbert_C04	EMB_prokbert_C16	-10	0.0	-	+
tjupan_diphtheria_main_275216440b705da4	EMB_prokbert_C04	EMB_prokbert_C21	-10	0.0	-	-
tjupan_diphtheria_main_275216440b705da4	EMB_prokbert_C04	EMB_prokbert_C23	-10	0.0	-	+
tjupan_diphtheria_main_275216440b705da4	EMB_prokbert_C04	EMB_prokbert_C09	-9	1.0	-	-
tjupan_diphtheria_main_275216440b705da4	EMB_prokbert_C08	EMB_prokbert_C11	-10	0.0	+	-
tjupan_diphtheria_main_275216440b705da4	EMB_prokbert_C08	EMB_prokbert_C14	-10	0.0	+	+
tjupan_diphtheria_main_275216440b705da4	EMB_prokbert_C08	EMB_prokbert_C16	-10	0.0	+	+
tjupan_diphtheria_main_275216440b705da4	EMB_prokbert_C08	EMB_prokbert_C21	-10	0.0	+	-
tjupan_diphtheria_main_275216440b705da4	EMB_prokbert_C08	EMB_prokbert_C23	-10	0.0	+	+
tjupan_diphtheria_main_275216440b705da4	EMB_prokbert_C08	EMB_prokbert_C09	-9	1.0	+	-
tjupan_diphtheria_main_275216440b705da4	EMB_prokbert_C11	EMB_prokbert_C14	-10	0.0	-	+
tjupan_diphtheria_main_275216440b705da4	EMB_prokbert_C11	EMB_prokbert_C16	-10	0.0	-	+
tjupan_diphtheria_main_275216440b705da4	EMB_prokbert_C11	EMB_prokbert_C21	-10	0.0	-	-
tjupan_diphtheria_main_275216440b705da4	EMB_prokbert_C11	EMB_prokbert_C23	-10	0.0	-	+
tjupan_diphtheria_main_275216440b705da4	EMB_prokbert_C11	EMB_prokbert_C09	-9	1.0	-	-
tjupan_diphtheria_main_275216440b705da4	EMB_prokbert_C14	EMB_prokbert_C16	-10	0.0	+	+
tjupan_diphtheria_main_275216440b705da4	EMB_prokbert_C14	EMB_prokbert_C21	-10	0.0	+	-
tjupan_diphtheria_main_275216440b705da4	EMB_prokbert_C14	EMB_prokbert_C23	-10	0.0	+	+
tjupan_diphtheria_main_275216440b705da4	EMB_prokbert_C14	EMB_prokbert_C09	-9	1.0	+	-
tjupan_diphtheria_main_275216440b705da4	EMB_prokbert_C16	EMB_prokbert_C21	-10	0.0	+	-
tjupan_diphtheria_main_275216440b705da4	EMB_prokbert_C16	EMB_prokbert_C23	-10	0.0	+	+
tjupan_diphtheria_main_275216440b705da4	EMB_prokbert_C16	EMB_prokbert_C09	-9	1.0	+	-
tjupan_diphtheria_main_275216440b705da4	EMB_prokbert_C21	EMB_prokbert_C23	-10	0.0	-	+
tjupan_diphtheria_main_275216440b705da4	EMB_prokbert_C21	EMB_prokbert_C09	-9	1.0	-	-
tjupan_diphtheria_main_275216440b705da4	EMB_prokbert_C23	EMB_prokbert_C09	-9	1.0	+	-
tjupan_diphtheria_main_28a2c6fe85e34b3b	EMB_prokbert_C23	EMB_prokbert_C14	-9	1.0	+	+
tjupan_diphtheria_main_28a2c6fe85e34b3b	EMB_prokbert_C23	EMB_prokbert_C02	13	23.0	+	-
tjupan_diphtheria_main_28a2c6fe85e34b3b	EMB_prokbert_C23	EMB_prokbert_C20	53	63.0	+	+
tjupan_diphtheria_main_28a2c6fe85e34b3b	EMB_prokbert_C23	EMB_prokbert_C22	53	63.0	+	-
tjupan_diphtheria_main_28a2c6fe85e34b3b	EMB_prokbert_C23	EMB_prokbert_C15	54	64.0	+	+
tjupan_diphtheria_main_28a2c6fe85e34b3b	EMB_prokbert_C14	EMB_prokbert_C02	12	22.0	+	-
tjupan_diphtheria_main_28a2c6fe85e34b3b	EMB_prokbert_C14	EMB_prokbert_C20	52	62.0	+	+
tjupan_diphtheria_main_28a2c6fe85e34b3b	EMB_prokbert_C14	EMB_prokbert_C22	52	62.0	+	-
tjupan_diphtheria_main_28a2c6fe85e34b3b	EMB_prokbert_C14	EMB_prokbert_C15	53	63.0	+	+
tjupan_diphtheria_main_28a2c6fe85e34b3b	EMB_prokbert_C02	EMB_prokbert_C20	30	40.0	-	+
tjupan_diphtheria_main_28a2c6fe85e34b3b	EMB_prokbert_C02	EMB_prokbert_C22	30	40.0	-	-
tjupan_diphtheria_main_28a2c6fe85e34b3b	EMB_prokbert_C02	EMB_prokbert_C15	31	41.0	-	+
tjupan_diphtheria_main_28a2c6fe85e34b3b	EMB_prokbert_C20	EMB_prokbert_C22	-10	0.0	+	-
tjupan_diphtheria_main_28a2c6fe85e34b3b	EMB_prokbert_C20	EMB_prokbert_C15	-9	1.0	+	+
tjupan_diphtheria_main_28a2c6fe85e34b3b	EMB_prokbert_C22	EMB_prokbert_C15	-9	1.0	-	+
tjupan_diphtheria_main_2caba50918cc1bda	EMB_prokbert_C04	EMB_prokbert_C16	-10	0.0	-	-
tjupan_diphtheria_main_2caba50918cc1bda	EMB_prokbert_C04	EMB_prokbert_C08	-7	3.0	-	-
tjupan_diphtheria_main_2caba50918cc1bda	EMB_prokbert_C04	EMB_prokbert_C09	-7	3.0	-	+
tjupan_diphtheria_main_2caba50918cc1bda	EMB_prokbert_C04	EMB_prokbert_C11	-7	3.0	-	+
tjupan_diphtheria_main_2caba50918cc1bda	EMB_prokbert_C04	EMB_prokbert_C21	-7	3.0	-	+
tjupan_diphtheria_main_2caba50918cc1bda	EMB_prokbert_C04	EMB_prokbert_C23	-7	3.0	-	-
tjupan_diphtheria_main_2caba50918cc1bda	EMB_prokbert_C16	EMB_prokbert_C08	-7	3.0	-	-
tjupan_diphtheria_main_2caba50918cc1bda	EMB_prokbert_C16	EMB_prokbert_C09	-7	3.0	-	+
tjupan_diphtheria_main_2caba50918cc1bda	EMB_prokbert_C16	EMB_prokbert_C11	-7	3.0	-	+
tjupan_diphtheria_main_2caba50918cc1bda	EMB_prokbert_C16	EMB_prokbert_C21	-7	3.0	-	+
tjupan_diphtheria_main_2caba50918cc1bda	EMB_prokbert_C16	EMB_prokbert_C23	-7	3.0	-	-
tjupan_diphtheria_main_2caba50918cc1bda	EMB_prokbert_C08	EMB_prokbert_C09	-10	0.0	-	+
tjupan_diphtheria_main_2caba50918cc1bda	EMB_prokbert_C08	EMB_prokbert_C11	-10	0.0	-	+
tjupan_diphtheria_main_2caba50918cc1bda	EMB_prokbert_C08	EMB_prokbert_C21	-10	0.0	-	+
tjupan_diphtheria_main_2caba50918cc1bda	EMB_prokbert_C08	EMB_prokbert_C23	-10	0.0	-	-
tjupan_diphtheria_main_2caba50918cc1bda	EMB_prokbert_C09	EMB_prokbert_C11	-10	0.0	+	+
tjupan_diphtheria_main_2caba50918cc1bda	EMB_prokbert_C09	EMB_prokbert_C21	-10	0.0	+	+
tjupan_diphtheria_main_2caba50918cc1bda	EMB_prokbert_C09	EMB_prokbert_C23	-10	0.0	+	-
tjupan_diphtheria_main_2caba50918cc1bda	EMB_prokbert_C11	EMB_prokbert_C21	-10	0.0	+	+
tjupan_diphtheria_main_2caba50918cc1bda	EMB_prokbert_C11	EMB_prokbert_C23	-10	0.0	+	-
tjupan_diphtheria_main_2caba50918cc1bda	EMB_prokbert_C21	EMB_prokbert_C23	-10	0.0	+	-
tjupan_diphtheria_main_301133999b276022	EMB_prokbert_C09	EMB_prokbert_C08	-9	1.0	+	-
tjupan_diphtheria_main_301133999b276022	EMB_prokbert_C09	EMB_prokbert_C11	-9	1.0	+	+
tjupan_diphtheria_main_301133999b276022	EMB_prokbert_C09	EMB_prokbert_C16	-9	1.0	+	-
tjupan_diphtheria_main_301133999b276022	EMB_prokbert_C09	EMB_prokbert_C23	-9	1.0	+	-
tjupan_diphtheria_main_301133999b276022	EMB_prokbert_C09	EMB_prokbert_C04	-8	2.0	+	-
tjupan_diphtheria_main_301133999b276022	EMB_prokbert_C09	EMB_prokbert_C13	-8	2.0	+	-
tjupan_diphtheria_main_301133999b276022	EMB_prokbert_C09	EMB_prokbert_C14	-8	2.0	+	-
tjupan_diphtheria_main_301133999b276022	EMB_prokbert_C09	EMB_prokbert_C00	0	10.0	+	-
tjupan_diphtheria_main_301133999b276022	EMB_prokbert_C09	EMB_prokbert_C17	0	10.0	+	+
tjupan_diphtheria_main_301133999b276022	EMB_prokbert_C09	EMB_prokbert_C19	1	11.0	+	-
tjupan_diphtheria_main_301133999b276022	EMB_prokbert_C08	EMB_prokbert_C11	-10	0.0	-	+
tjupan_diphtheria_main_301133999b276022	EMB_prokbert_C08	EMB_prokbert_C16	-10	0.0	-	-
tjupan_diphtheria_main_301133999b276022	EMB_prokbert_C08	EMB_prokbert_C23	-10	0.0	-	-
tjupan_diphtheria_main_301133999b276022	EMB_prokbert_C08	EMB_prokbert_C04	-9	1.0	-	-
tjupan_diphtheria_main_301133999b276022	EMB_prokbert_C08	EMB_prokbert_C13	-9	1.0	-	-
tjupan_diphtheria_main_301133999b276022	EMB_prokbert_C08	EMB_prokbert_C14	-9	1.0	-	-
tjupan_diphtheria_main_301133999b276022	EMB_prokbert_C08	EMB_prokbert_C00	-1	9.0	-	-
tjupan_diphtheria_main_301133999b276022	EMB_prokbert_C08	EMB_prokbert_C17	-1	9.0	-	+
tjupan_diphtheria_main_301133999b276022	EMB_prokbert_C08	EMB_prokbert_C19	0	10.0	-	-
tjupan_diphtheria_main_301133999b276022	EMB_prokbert_C11	EMB_prokbert_C16	-10	0.0	+	-
tjupan_diphtheria_main_301133999b276022	EMB_prokbert_C11	EMB_prokbert_C23	-10	0.0	+	-
tjupan_diphtheria_main_301133999b276022	EMB_prokbert_C11	EMB_prokbert_C04	-9	1.0	+	-
tjupan_diphtheria_main_301133999b276022	EMB_prokbert_C11	EMB_prokbert_C13	-9	1.0	+	-
tjupan_diphtheria_main_301133999b276022	EMB_prokbert_C11	EMB_prokbert_C14	-9	1.0	+	-
tjupan_diphtheria_main_301133999b276022	EMB_prokbert_C11	EMB_prokbert_C00	-1	9.0	+	-
tjupan_diphtheria_main_301133999b276022	EMB_prokbert_C11	EMB_prokbert_C17	-1	9.0	+	+
tjupan_diphtheria_main_301133999b276022	EMB_prokbert_C11	EMB_prokbert_C19	0	10.0	+	-
tjupan_diphtheria_main_301133999b276022	EMB_prokbert_C16	EMB_prokbert_C23	-10	0.0	-	-
tjupan_diphtheria_main_301133999b276022	EMB_prokbert_C16	EMB_prokbert_C04	-9	1.0	-	-
tjupan_diphtheria_main_301133999b276022	EMB_prokbert_C16	EMB_prokbert_C13	-9	1.0	-	-
tjupan_diphtheria_main_301133999b276022	EMB_prokbert_C16	EMB_prokbert_C14	-9	1.0	-	-
tjupan_diphtheria_main_301133999b276022	EMB_prokbert_C16	EMB_prokbert_C00	-1	9.0	-	-
tjupan_diphtheria_main_301133999b276022	EMB_prokbert_C16	EMB_prokbert_C17	-1	9.0	-	+
tjupan_diphtheria_main_301133999b276022	EMB_prokbert_C16	EMB_prokbert_C19	0	10.0	-	-
tjupan_diphtheria_main_301133999b276022	EMB_prokbert_C23	EMB_prokbert_C04	-9	1.0	-	-
tjupan_diphtheria_main_301133999b276022	EMB_prokbert_C23	EMB_prokbert_C13	-9	1.0	-	-
tjupan_diphtheria_main_301133999b276022	EMB_prokbert_C23	EMB_prokbert_C14	-9	1.0	-	-
tjupan_diphtheria_main_301133999b276022	EMB_prokbert_C23	EMB_prokbert_C00	-1	9.0	-	-
tjupan_diphtheria_main_301133999b276022	EMB_prokbert_C23	EMB_prokbert_C17	-1	9.0	-	+
tjupan_diphtheria_main_301133999b276022	EMB_prokbert_C23	EMB_prokbert_C19	0	10.0	-	-
tjupan_diphtheria_main_301133999b276022	EMB_prokbert_C04	EMB_prokbert_C13	-10	0.0	-	-
tjupan_diphtheria_main_301133999b276022	EMB_prokbert_C04	EMB_prokbert_C14	-10	0.0	-	-
tjupan_diphtheria_main_301133999b276022	EMB_prokbert_C04	EMB_prokbert_C00	-2	8.0	-	-
tjupan_diphtheria_main_301133999b276022	EMB_prokbert_C04	EMB_prokbert_C17	-2	8.0	-	+
tjupan_diphtheria_main_301133999b276022	EMB_prokbert_C04	EMB_prokbert_C19	-1	9.0	-	-
tjupan_diphtheria_main_301133999b276022	EMB_prokbert_C13	EMB_prokbert_C14	-10	0.0	-	-
tjupan_diphtheria_main_301133999b276022	EMB_prokbert_C13	EMB_prokbert_C00	-2	8.0	-	-
tjupan_diphtheria_main_301133999b276022	EMB_prokbert_C13	EMB_prokbert_C17	-2	8.0	-	+
tjupan_diphtheria_main_301133999b276022	EMB_prokbert_C13	EMB_prokbert_C19	-1	9.0	-	-
tjupan_diphtheria_main_301133999b276022	EMB_prokbert_C14	EMB_prokbert_C00	-2	8.0	-	-
tjupan_diphtheria_main_301133999b276022	EMB_prokbert_C14	EMB_prokbert_C17	-2	8.0	-	+
tjupan_diphtheria_main_301133999b276022	EMB_prokbert_C14	EMB_prokbert_C19	-1	9.0	-	-
tjupan_diphtheria_main_301133999b276022	EMB_prokbert_C00	EMB_prokbert_C17	-10	0.0	-	+
tjupan_diphtheria_main_301133999b276022	EMB_prokbert_C00	EMB_prokbert_C19	-9	1.0	-	-
tjupan_diphtheria_main_301133999b276022	EMB_prokbert_C17	EMB_prokbert_C19	-9	1.0	+	-
tjupan_diphtheria_main_30825f41561ec80d	EMB_prokbert_C06	EMB_prokbert_C17	-9	1.0	-	-
tjupan_diphtheria_main_30825f41561ec80d	EMB_prokbert_C06	EMB_prokbert_C19	-9	1.0	-	+
tjupan_diphtheria_main_30825f41561ec80d	EMB_prokbert_C17	EMB_prokbert_C19	-10	0.0	-	+
tjupan_diphtheria_main_3c2321f881d121a8	EMB_prokbert_C13	EMB_prokbert_C14	-10	0.0	+	-
tjupan_diphtheria_main_3c2321f881d121a8	EMB_prokbert_C13	EMB_prokbert_C21	-10	0.0	+	-
tjupan_diphtheria_main_3c2321f881d121a8	EMB_prokbert_C13	EMB_prokbert_C23	11	21.0	+	-
tjupan_diphtheria_main_3c2321f881d121a8	EMB_prokbert_C14	EMB_prokbert_C21	-10	0.0	-	-
tjupan_diphtheria_main_3c2321f881d121a8	EMB_prokbert_C14	EMB_prokbert_C23	11	21.0	-	-
tjupan_diphtheria_main_3c2321f881d121a8	EMB_prokbert_C21	EMB_prokbert_C23	11	21.0	-	-
tjupan_diphtheria_main_3f8b0254ed0d7079	EMB_prokbert_C14	EMB_prokbert_C04	-9	1.0	+	-
tjupan_diphtheria_main_3f8b0254ed0d7079	EMB_prokbert_C14	EMB_prokbert_C23	-9	1.0	+	+
tjupan_diphtheria_main_3f8b0254ed0d7079	EMB_prokbert_C04	EMB_prokbert_C23	-10	0.0	-	+
tjupan_diphtheria_main_403cf7defc88a939	EMB_prokbert_C05	EMB_prokbert_C06	31	41.0	-	-
tjupan_diphtheria_main_403cf7defc88a939	EMB_prokbert_C05	EMB_prokbert_C17	31	41.0	-	-
tjupan_diphtheria_main_403cf7defc88a939	EMB_prokbert_C05	EMB_prokbert_C19	32	42.0	-	+
tjupan_diphtheria_main_403cf7defc88a939	EMB_prokbert_C06	EMB_prokbert_C17	-10	0.0	-	-
tjupan_diphtheria_main_403cf7defc88a939	EMB_prokbert_C06	EMB_prokbert_C19	-9	1.0	-	+
tjupan_diphtheria_main_403cf7defc88a939	EMB_prokbert_C17	EMB_prokbert_C19	-9	1.0	-	+
tjupan_diphtheria_main_44ee6f719da51598	EMB_prokbert_C00	EMB_prokbert_C17	-10	0.0	-	+
tjupan_diphtheria_main_44ee6f719da51598	EMB_prokbert_C00	EMB_prokbert_C19	-10	0.0	-	-
tjupan_diphtheria_main_44ee6f719da51598	EMB_prokbert_C00	EMB_prokbert_C04	10	20.0	-	+
tjupan_diphtheria_main_44ee6f719da51598	EMB_prokbert_C00	EMB_prokbert_C23	10	20.0	-	-
tjupan_diphtheria_main_44ee6f719da51598	EMB_prokbert_C17	EMB_prokbert_C19	-10	0.0	+	-
tjupan_diphtheria_main_44ee6f719da51598	EMB_prokbert_C17	EMB_prokbert_C04	10	20.0	+	+
tjupan_diphtheria_main_44ee6f719da51598	EMB_prokbert_C17	EMB_prokbert_C23	10	20.0	+	-
tjupan_diphtheria_main_44ee6f719da51598	EMB_prokbert_C19	EMB_prokbert_C04	10	20.0	-	+
tjupan_diphtheria_main_44ee6f719da51598	EMB_prokbert_C19	EMB_prokbert_C23	10	20.0	-	-
tjupan_diphtheria_main_44ee6f719da51598	EMB_prokbert_C04	EMB_prokbert_C23	-10	0.0	+	-
tjupan_diphtheria_main_47fcdb07b7a27094	EMB_prokbert_C21	EMB_prokbert_C10	0	10.0	+	-
tjupan_diphtheria_main_47fcdb07b7a27094	EMB_prokbert_C21	EMB_prokbert_C06	16	26.0	+	+
tjupan_diphtheria_main_47fcdb07b7a27094	EMB_prokbert_C21	EMB_prokbert_C14	16	26.0	+	-
tjupan_diphtheria_main_47fcdb07b7a27094	EMB_prokbert_C21	EMB_prokbert_C19	16	26.0	+	-
tjupan_diphtheria_main_47fcdb07b7a27094	EMB_prokbert_C21	EMB_prokbert_C08	17	27.0	+	+
tjupan_diphtheria_main_47fcdb07b7a27094	EMB_prokbert_C21	EMB_prokbert_C11	17	27.0	+	-
tjupan_diphtheria_main_47fcdb07b7a27094	EMB_prokbert_C21	EMB_prokbert_C13	18	28.0	+	-
tjupan_diphtheria_main_47fcdb07b7a27094	EMB_prokbert_C21	EMB_prokbert_C23	18	28.0	+	+
tjupan_diphtheria_main_47fcdb07b7a27094	EMB_prokbert_C21	EMB_prokbert_C16	19	29.0	+	+
tjupan_diphtheria_main_47fcdb07b7a27094	EMB_prokbert_C10	EMB_prokbert_C06	6	16.0	-	+
tjupan_diphtheria_main_47fcdb07b7a27094	EMB_prokbert_C10	EMB_prokbert_C14	6	16.0	-	-
tjupan_diphtheria_main_47fcdb07b7a27094	EMB_prokbert_C10	EMB_prokbert_C19	6	16.0	-	-
tjupan_diphtheria_main_47fcdb07b7a27094	EMB_prokbert_C10	EMB_prokbert_C08	7	17.0	-	+
tjupan_diphtheria_main_47fcdb07b7a27094	EMB_prokbert_C10	EMB_prokbert_C11	7	17.0	-	-
tjupan_diphtheria_main_47fcdb07b7a27094	EMB_prokbert_C10	EMB_prokbert_C13	8	18.0	-	-
tjupan_diphtheria_main_47fcdb07b7a27094	EMB_prokbert_C10	EMB_prokbert_C23	8	18.0	-	+
tjupan_diphtheria_main_47fcdb07b7a27094	EMB_prokbert_C10	EMB_prokbert_C16	9	19.0	-	+
tjupan_diphtheria_main_47fcdb07b7a27094	EMB_prokbert_C06	EMB_prokbert_C14	-10	0.0	+	-
tjupan_diphtheria_main_47fcdb07b7a27094	EMB_prokbert_C06	EMB_prokbert_C19	-10	0.0	+	-
tjupan_diphtheria_main_47fcdb07b7a27094	EMB_prokbert_C06	EMB_prokbert_C08	-9	1.0	+	+
tjupan_diphtheria_main_47fcdb07b7a27094	EMB_prokbert_C06	EMB_prokbert_C11	-9	1.0	+	-
tjupan_diphtheria_main_47fcdb07b7a27094	EMB_prokbert_C06	EMB_prokbert_C13	-8	2.0	+	-
tjupan_diphtheria_main_47fcdb07b7a27094	EMB_prokbert_C06	EMB_prokbert_C23	-8	2.0	+	+
tjupan_diphtheria_main_47fcdb07b7a27094	EMB_prokbert_C06	EMB_prokbert_C16	-7	3.0	+	+
tjupan_diphtheria_main_47fcdb07b7a27094	EMB_prokbert_C14	EMB_prokbert_C19	-10	0.0	-	-
tjupan_diphtheria_main_47fcdb07b7a27094	EMB_prokbert_C14	EMB_prokbert_C08	-9	1.0	-	+
tjupan_diphtheria_main_47fcdb07b7a27094	EMB_prokbert_C14	EMB_prokbert_C11	-9	1.0	-	-
tjupan_diphtheria_main_47fcdb07b7a27094	EMB_prokbert_C14	EMB_prokbert_C13	-8	2.0	-	-
tjupan_diphtheria_main_47fcdb07b7a27094	EMB_prokbert_C14	EMB_prokbert_C23	-8	2.0	-	+
tjupan_diphtheria_main_47fcdb07b7a27094	EMB_prokbert_C14	EMB_prokbert_C16	-7	3.0	-	+
tjupan_diphtheria_main_47fcdb07b7a27094	EMB_prokbert_C19	EMB_prokbert_C08	-9	1.0	-	+
tjupan_diphtheria_main_47fcdb07b7a27094	EMB_prokbert_C19	EMB_prokbert_C11	-9	1.0	-	-
tjupan_diphtheria_main_47fcdb07b7a27094	EMB_prokbert_C19	EMB_prokbert_C13	-8	2.0	-	-
tjupan_diphtheria_main_47fcdb07b7a27094	EMB_prokbert_C19	EMB_prokbert_C23	-8	2.0	-	+
tjupan_diphtheria_main_47fcdb07b7a27094	EMB_prokbert_C19	EMB_prokbert_C16	-7	3.0	-	+
tjupan_diphtheria_main_47fcdb07b7a27094	EMB_prokbert_C08	EMB_prokbert_C11	-10	0.0	+	-
tjupan_diphtheria_main_47fcdb07b7a27094	EMB_prokbert_C08	EMB_prokbert_C13	-9	1.0	+	-
tjupan_diphtheria_main_47fcdb07b7a27094	EMB_prokbert_C08	EMB_prokbert_C23	-9	1.0	+	+
tjupan_diphtheria_main_47fcdb07b7a27094	EMB_prokbert_C08	EMB_prokbert_C16	-8	2.0	+	+
tjupan_diphtheria_main_47fcdb07b7a27094	EMB_prokbert_C11	EMB_prokbert_C13	-9	1.0	-	-
tjupan_diphtheria_main_47fcdb07b7a27094	EMB_prokbert_C11	EMB_prokbert_C23	-9	1.0	-	+
tjupan_diphtheria_main_47fcdb07b7a27094	EMB_prokbert_C11	EMB_prokbert_C16	-8	2.0	-	+
tjupan_diphtheria_main_47fcdb07b7a27094	EMB_prokbert_C13	EMB_prokbert_C23	-10	0.0	-	+
tjupan_diphtheria_main_47fcdb07b7a27094	EMB_prokbert_C13	EMB_prokbert_C16	-9	1.0	-	+
tjupan_diphtheria_main_47fcdb07b7a27094	EMB_prokbert_C23	EMB_prokbert_C16	-9	1.0	+	+
tjupan_diphtheria_main_4a78a6e0a074490c	EMB_prokbert_C02	EMB_prokbert_C15	-9	1.0	-	+
tjupan_diphtheria_main_4b2b0d70f4165af8	EMB_prokbert_C06	EMB_prokbert_C11	-10	0.0	-	+
tjupan_diphtheria_main_4b2b0d70f4165af8	EMB_prokbert_C06	EMB_prokbert_C17	-10	0.0	-	-
tjupan_diphtheria_main_4b2b0d70f4165af8	EMB_prokbert_C06	EMB_prokbert_C19	-9	1.0	-	+
tjupan_diphtheria_main_4b2b0d70f4165af8	EMB_prokbert_C06	EMB_prokbert_C05	-8	2.0	-	-
tjupan_diphtheria_main_4b2b0d70f4165af8	EMB_prokbert_C06	EMB_prokbert_C21	-7	3.0	-	+
tjupan_diphtheria_main_4b2b0d70f4165af8	EMB_prokbert_C06	EMB_prokbert_C01	-6	4.0	-	+
tjupan_diphtheria_main_4b2b0d70f4165af8	EMB_prokbert_C06	EMB_prokbert_C08	-6	4.0	-	-
tjupan_diphtheria_main_4b2b0d70f4165af8	EMB_prokbert_C06	EMB_prokbert_C16	-6	4.0	-	-
tjupan_diphtheria_main_4b2b0d70f4165af8	EMB_prokbert_C11	EMB_prokbert_C17	-10	0.0	+	-
tjupan_diphtheria_main_4b2b0d70f4165af8	EMB_prokbert_C11	EMB_prokbert_C19	-9	1.0	+	+
tjupan_diphtheria_main_4b2b0d70f4165af8	EMB_prokbert_C11	EMB_prokbert_C05	-8	2.0	+	-
tjupan_diphtheria_main_4b2b0d70f4165af8	EMB_prokbert_C11	EMB_prokbert_C21	-7	3.0	+	+
tjupan_diphtheria_main_4b2b0d70f4165af8	EMB_prokbert_C11	EMB_prokbert_C01	-6	4.0	+	+
tjupan_diphtheria_main_4b2b0d70f4165af8	EMB_prokbert_C11	EMB_prokbert_C08	-6	4.0	+	-
tjupan_diphtheria_main_4b2b0d70f4165af8	EMB_prokbert_C11	EMB_prokbert_C16	-6	4.0	+	-
tjupan_diphtheria_main_4b2b0d70f4165af8	EMB_prokbert_C17	EMB_prokbert_C19	-9	1.0	-	+
tjupan_diphtheria_main_4b2b0d70f4165af8	EMB_prokbert_C17	EMB_prokbert_C05	-8	2.0	-	-
tjupan_diphtheria_main_4b2b0d70f4165af8	EMB_prokbert_C17	EMB_prokbert_C21	-7	3.0	-	+
tjupan_diphtheria_main_4b2b0d70f4165af8	EMB_prokbert_C17	EMB_prokbert_C01	-6	4.0	-	+
tjupan_diphtheria_main_4b2b0d70f4165af8	EMB_prokbert_C17	EMB_prokbert_C08	-6	4.0	-	-
tjupan_diphtheria_main_4b2b0d70f4165af8	EMB_prokbert_C17	EMB_prokbert_C16	-6	4.0	-	-
tjupan_diphtheria_main_4b2b0d70f4165af8	EMB_prokbert_C19	EMB_prokbert_C05	-9	1.0	+	-
tjupan_diphtheria_main_4b2b0d70f4165af8	EMB_prokbert_C19	EMB_prokbert_C21	-8	2.0	+	+
tjupan_diphtheria_main_4b2b0d70f4165af8	EMB_prokbert_C19	EMB_prokbert_C01	-7	3.0	+	+
tjupan_diphtheria_main_4b2b0d70f4165af8	EMB_prokbert_C19	EMB_prokbert_C08	-7	3.0	+	-
tjupan_diphtheria_main_4b2b0d70f4165af8	EMB_prokbert_C19	EMB_prokbert_C16	-7	3.0	+	-
tjupan_diphtheria_main_4b2b0d70f4165af8	EMB_prokbert_C05	EMB_prokbert_C21	-9	1.0	-	+
tjupan_diphtheria_main_4b2b0d70f4165af8	EMB_prokbert_C05	EMB_prokbert_C01	-8	2.0	-	+
tjupan_diphtheria_main_4b2b0d70f4165af8	EMB_prokbert_C05	EMB_prokbert_C08	-8	2.0	-	-
tjupan_diphtheria_main_4b2b0d70f4165af8	EMB_prokbert_C05	EMB_prokbert_C16	-8	2.0	-	-
tjupan_diphtheria_main_4b2b0d70f4165af8	EMB_prokbert_C21	EMB_prokbert_C01	-9	1.0	+	+
tjupan_diphtheria_main_4b2b0d70f4165af8	EMB_prokbert_C21	EMB_prokbert_C08	-9	1.0	+	-
tjupan_diphtheria_main_4b2b0d70f4165af8	EMB_prokbert_C21	EMB_prokbert_C16	-9	1.0	+	-
tjupan_diphtheria_main_4b2b0d70f4165af8	EMB_prokbert_C01	EMB_prokbert_C08	-10	0.0	+	-
tjupan_diphtheria_main_4b2b0d70f4165af8	EMB_prokbert_C01	EMB_prokbert_C16	-10	0.0	+	-
tjupan_diphtheria_main_4b2b0d70f4165af8	EMB_prokbert_C08	EMB_prokbert_C16	-10	0.0	-	-
tjupan_diphtheria_main_4fd38c724001ea0c	EMB_prokbert_C17	EMB_prokbert_C19	-9	1.0	-	+
tjupan_diphtheria_main_4fd38c724001ea0c	EMB_prokbert_C17	EMB_prokbert_C16	8	18.0	-	+
tjupan_diphtheria_main_4fd38c724001ea0c	EMB_prokbert_C17	EMB_prokbert_C13	10	20.0	-	+
tjupan_diphtheria_main_4fd38c724001ea0c	EMB_prokbert_C17	EMB_prokbert_C14	10	20.0	-	+
tjupan_diphtheria_main_4fd38c724001ea0c	EMB_prokbert_C19	EMB_prokbert_C16	7	17.0	+	+
tjupan_diphtheria_main_4fd38c724001ea0c	EMB_prokbert_C19	EMB_prokbert_C13	9	19.0	+	+
tjupan_diphtheria_main_4fd38c724001ea0c	EMB_prokbert_C19	EMB_prokbert_C14	9	19.0	+	+
tjupan_diphtheria_main_4fd38c724001ea0c	EMB_prokbert_C16	EMB_prokbert_C13	-8	2.0	+	+
tjupan_diphtheria_main_4fd38c724001ea0c	EMB_prokbert_C16	EMB_prokbert_C14	-8	2.0	+	+
tjupan_diphtheria_main_4fd38c724001ea0c	EMB_prokbert_C13	EMB_prokbert_C14	-10	0.0	+	+
tjupan_diphtheria_main_51514488e2feecea	EMB_prokbert_C02	EMB_prokbert_C04	26	36.0	+	+
tjupan_diphtheria_main_51514488e2feecea	EMB_prokbert_C02	EMB_prokbert_C23	26	36.0	+	-
tjupan_diphtheria_main_51514488e2feecea	EMB_prokbert_C04	EMB_prokbert_C23	-10	0.0	+	-
tjupan_diphtheria_main_51ed0b644db2b4ce	EMB_prokbert_C09	EMB_prokbert_C08	-9	1.0	+	-
tjupan_diphtheria_main_51ed0b644db2b4ce	EMB_prokbert_C09	EMB_prokbert_C11	-9	1.0	+	+
tjupan_diphtheria_main_51ed0b644db2b4ce	EMB_prokbert_C09	EMB_prokbert_C16	-9	1.0	+	-
tjupan_diphtheria_main_51ed0b644db2b4ce	EMB_prokbert_C09	EMB_prokbert_C23	-9	1.0	+	-
tjupan_diphtheria_main_51ed0b644db2b4ce	EMB_prokbert_C09	EMB_prokbert_C04	-8	2.0	+	-
tjupan_diphtheria_main_51ed0b644db2b4ce	EMB_prokbert_C09	EMB_prokbert_C13	-8	2.0	+	-
tjupan_diphtheria_main_51ed0b644db2b4ce	EMB_prokbert_C09	EMB_prokbert_C14	-8	2.0	+	-
tjupan_diphtheria_main_51ed0b644db2b4ce	EMB_prokbert_C09	EMB_prokbert_C00	0	10.0	+	-
tjupan_diphtheria_main_51ed0b644db2b4ce	EMB_prokbert_C09	EMB_prokbert_C17	0	10.0	+	+
tjupan_diphtheria_main_51ed0b644db2b4ce	EMB_prokbert_C09	EMB_prokbert_C19	1	11.0	+	-
tjupan_diphtheria_main_51ed0b644db2b4ce	EMB_prokbert_C08	EMB_prokbert_C11	-10	0.0	-	+
tjupan_diphtheria_main_51ed0b644db2b4ce	EMB_prokbert_C08	EMB_prokbert_C16	-10	0.0	-	-
tjupan_diphtheria_main_51ed0b644db2b4ce	EMB_prokbert_C08	EMB_prokbert_C23	-10	0.0	-	-
tjupan_diphtheria_main_51ed0b644db2b4ce	EMB_prokbert_C08	EMB_prokbert_C04	-9	1.0	-	-
tjupan_diphtheria_main_51ed0b644db2b4ce	EMB_prokbert_C08	EMB_prokbert_C13	-9	1.0	-	-
tjupan_diphtheria_main_51ed0b644db2b4ce	EMB_prokbert_C08	EMB_prokbert_C14	-9	1.0	-	-
tjupan_diphtheria_main_51ed0b644db2b4ce	EMB_prokbert_C08	EMB_prokbert_C00	-1	9.0	-	-
tjupan_diphtheria_main_51ed0b644db2b4ce	EMB_prokbert_C08	EMB_prokbert_C17	-1	9.0	-	+
tjupan_diphtheria_main_51ed0b644db2b4ce	EMB_prokbert_C08	EMB_prokbert_C19	0	10.0	-	-
tjupan_diphtheria_main_51ed0b644db2b4ce	EMB_prokbert_C11	EMB_prokbert_C16	-10	0.0	+	-
tjupan_diphtheria_main_51ed0b644db2b4ce	EMB_prokbert_C11	EMB_prokbert_C23	-10	0.0	+	-
tjupan_diphtheria_main_51ed0b644db2b4ce	EMB_prokbert_C11	EMB_prokbert_C04	-9	1.0	+	-
tjupan_diphtheria_main_51ed0b644db2b4ce	EMB_prokbert_C11	EMB_prokbert_C13	-9	1.0	+	-
tjupan_diphtheria_main_51ed0b644db2b4ce	EMB_prokbert_C11	EMB_prokbert_C14	-9	1.0	+	-
tjupan_diphtheria_main_51ed0b644db2b4ce	EMB_prokbert_C11	EMB_prokbert_C00	-1	9.0	+	-
tjupan_diphtheria_main_51ed0b644db2b4ce	EMB_prokbert_C11	EMB_prokbert_C17	-1	9.0	+	+
tjupan_diphtheria_main_51ed0b644db2b4ce	EMB_prokbert_C11	EMB_prokbert_C19	0	10.0	+	-
tjupan_diphtheria_main_51ed0b644db2b4ce	EMB_prokbert_C16	EMB_prokbert_C23	-10	0.0	-	-
tjupan_diphtheria_main_51ed0b644db2b4ce	EMB_prokbert_C16	EMB_prokbert_C04	-9	1.0	-	-
tjupan_diphtheria_main_51ed0b644db2b4ce	EMB_prokbert_C16	EMB_prokbert_C13	-9	1.0	-	-
tjupan_diphtheria_main_51ed0b644db2b4ce	EMB_prokbert_C16	EMB_prokbert_C14	-9	1.0	-	-
tjupan_diphtheria_main_51ed0b644db2b4ce	EMB_prokbert_C16	EMB_prokbert_C00	-1	9.0	-	-
tjupan_diphtheria_main_51ed0b644db2b4ce	EMB_prokbert_C16	EMB_prokbert_C17	-1	9.0	-	+
tjupan_diphtheria_main_51ed0b644db2b4ce	EMB_prokbert_C16	EMB_prokbert_C19	0	10.0	-	-
tjupan_diphtheria_main_51ed0b644db2b4ce	EMB_prokbert_C23	EMB_prokbert_C04	-9	1.0	-	-
tjupan_diphtheria_main_51ed0b644db2b4ce	EMB_prokbert_C23	EMB_prokbert_C13	-9	1.0	-	-
tjupan_diphtheria_main_51ed0b644db2b4ce	EMB_prokbert_C23	EMB_prokbert_C14	-9	1.0	-	-
tjupan_diphtheria_main_51ed0b644db2b4ce	EMB_prokbert_C23	EMB_prokbert_C00	-1	9.0	-	-
tjupan_diphtheria_main_51ed0b644db2b4ce	EMB_prokbert_C23	EMB_prokbert_C17	-1	9.0	-	+
tjupan_diphtheria_main_51ed0b644db2b4ce	EMB_prokbert_C23	EMB_prokbert_C19	0	10.0	-	-
tjupan_diphtheria_main_51ed0b644db2b4ce	EMB_prokbert_C04	EMB_prokbert_C13	-10	0.0	-	-
tjupan_diphtheria_main_51ed0b644db2b4ce	EMB_prokbert_C04	EMB_prokbert_C14	-10	0.0	-	-
tjupan_diphtheria_main_51ed0b644db2b4ce	EMB_prokbert_C04	EMB_prokbert_C00	-2	8.0	-	-
tjupan_diphtheria_main_51ed0b644db2b4ce	EMB_prokbert_C04	EMB_prokbert_C17	-2	8.0	-	+
tjupan_diphtheria_main_51ed0b644db2b4ce	EMB_prokbert_C04	EMB_prokbert_C19	-1	9.0	-	-
tjupan_diphtheria_main_51ed0b644db2b4ce	EMB_prokbert_C13	EMB_prokbert_C14	-10	0.0	-	-
tjupan_diphtheria_main_51ed0b644db2b4ce	EMB_prokbert_C13	EMB_prokbert_C00	-2	8.0	-	-
tjupan_diphtheria_main_51ed0b644db2b4ce	EMB_prokbert_C13	EMB_prokbert_C17	-2	8.0	-	+
tjupan_diphtheria_main_51ed0b644db2b4ce	EMB_prokbert_C13	EMB_prokbert_C19	-1	9.0	-	-
tjupan_diphtheria_main_51ed0b644db2b4ce	EMB_prokbert_C14	EMB_prokbert_C00	-2	8.0	-	-
tjupan_diphtheria_main_51ed0b644db2b4ce	EMB_prokbert_C14	EMB_prokbert_C17	-2	8.0	-	+
tjupan_diphtheria_main_51ed0b644db2b4ce	EMB_prokbert_C14	EMB_prokbert_C19	-1	9.0	-	-
tjupan_diphtheria_main_51ed0b644db2b4ce	EMB_prokbert_C00	EMB_prokbert_C17	-10	0.0	-	+
tjupan_diphtheria_main_51ed0b644db2b4ce	EMB_prokbert_C00	EMB_prokbert_C19	-9	1.0	-	-
tjupan_diphtheria_main_51ed0b644db2b4ce	EMB_prokbert_C17	EMB_prokbert_C19	-9	1.0	+	-
tjupan_diphtheria_main_57cced6719041806	EMB_prokbert_C04	EMB_prokbert_C13	-10	0.0	-	-
tjupan_diphtheria_main_57cced6719041806	EMB_prokbert_C04	EMB_prokbert_C21	-10	0.0	-	-
tjupan_diphtheria_main_57cced6719041806	EMB_prokbert_C04	EMB_prokbert_C23	-10	0.0	-	+
tjupan_diphtheria_main_57cced6719041806	EMB_prokbert_C13	EMB_prokbert_C21	-10	0.0	-	-
tjupan_diphtheria_main_57cced6719041806	EMB_prokbert_C13	EMB_prokbert_C23	-10	0.0	-	+
tjupan_diphtheria_main_57cced6719041806	EMB_prokbert_C21	EMB_prokbert_C23	-10	0.0	-	+
tjupan_diphtheria_main_5a9c2892c3ed18cc	EMB_prokbert_C13	EMB_prokbert_C11	-9	1.0	-	+
tjupan_diphtheria_main_5a9c2892c3ed18cc	EMB_prokbert_C13	EMB_prokbert_C04	-8	2.0	-	+
tjupan_diphtheria_main_5a9c2892c3ed18cc	EMB_prokbert_C13	EMB_prokbert_C06	-8	2.0	-	-
tjupan_diphtheria_main_5a9c2892c3ed18cc	EMB_prokbert_C13	EMB_prokbert_C08	-8	2.0	-	-
tjupan_diphtheria_main_5a9c2892c3ed18cc	EMB_prokbert_C13	EMB_prokbert_C16	-8	2.0	-	-
tjupan_diphtheria_main_5a9c2892c3ed18cc	EMB_prokbert_C13	EMB_prokbert_C19	-8	2.0	-	+
tjupan_diphtheria_main_5a9c2892c3ed18cc	EMB_prokbert_C13	EMB_prokbert_C21	-8	2.0	-	+
tjupan_diphtheria_main_5a9c2892c3ed18cc	EMB_prokbert_C13	EMB_prokbert_C01	-7	3.0	-	+
tjupan_diphtheria_main_5a9c2892c3ed18cc	EMB_prokbert_C13	EMB_prokbert_C09	-7	3.0	-	+
tjupan_diphtheria_main_5a9c2892c3ed18cc	EMB_prokbert_C13	EMB_prokbert_C23	-6	4.0	-	-
tjupan_diphtheria_main_5a9c2892c3ed18cc	EMB_prokbert_C13	EMB_prokbert_C14	-5	5.0	-	-
tjupan_diphtheria_main_5a9c2892c3ed18cc	EMB_prokbert_C11	EMB_prokbert_C04	-9	1.0	+	+
tjupan_diphtheria_main_5a9c2892c3ed18cc	EMB_prokbert_C11	EMB_prokbert_C06	-9	1.0	+	-
tjupan_diphtheria_main_5a9c2892c3ed18cc	EMB_prokbert_C11	EMB_prokbert_C08	-9	1.0	+	-
tjupan_diphtheria_main_5a9c2892c3ed18cc	EMB_prokbert_C11	EMB_prokbert_C16	-9	1.0	+	-
tjupan_diphtheria_main_5a9c2892c3ed18cc	EMB_prokbert_C11	EMB_prokbert_C19	-9	1.0	+	+
tjupan_diphtheria_main_5a9c2892c3ed18cc	EMB_prokbert_C11	EMB_prokbert_C21	-9	1.0	+	+
tjupan_diphtheria_main_5a9c2892c3ed18cc	EMB_prokbert_C11	EMB_prokbert_C01	-8	2.0	+	+
tjupan_diphtheria_main_5a9c2892c3ed18cc	EMB_prokbert_C11	EMB_prokbert_C09	-8	2.0	+	+
tjupan_diphtheria_main_5a9c2892c3ed18cc	EMB_prokbert_C11	EMB_prokbert_C23	-7	3.0	+	-
tjupan_diphtheria_main_5a9c2892c3ed18cc	EMB_prokbert_C11	EMB_prokbert_C14	-6	4.0	+	-
tjupan_diphtheria_main_5a9c2892c3ed18cc	EMB_prokbert_C04	EMB_prokbert_C06	-10	0.0	+	-
tjupan_diphtheria_main_5a9c2892c3ed18cc	EMB_prokbert_C04	EMB_prokbert_C08	-10	0.0	+	-
tjupan_diphtheria_main_5a9c2892c3ed18cc	EMB_prokbert_C04	EMB_prokbert_C16	-10	0.0	+	-
tjupan_diphtheria_main_5a9c2892c3ed18cc	EMB_prokbert_C04	EMB_prokbert_C19	-10	0.0	+	+
tjupan_diphtheria_main_5a9c2892c3ed18cc	EMB_prokbert_C04	EMB_prokbert_C21	-10	0.0	+	+
tjupan_diphtheria_main_5a9c2892c3ed18cc	EMB_prokbert_C04	EMB_prokbert_C01	-9	1.0	+	+
tjupan_diphtheria_main_5a9c2892c3ed18cc	EMB_prokbert_C04	EMB_prokbert_C09	-9	1.0	+	+
tjupan_diphtheria_main_5a9c2892c3ed18cc	EMB_prokbert_C04	EMB_prokbert_C23	-8	2.0	+	-
tjupan_diphtheria_main_5a9c2892c3ed18cc	EMB_prokbert_C04	EMB_prokbert_C14	-7	3.0	+	-
tjupan_diphtheria_main_5a9c2892c3ed18cc	EMB_prokbert_C06	EMB_prokbert_C08	-10	0.0	-	-
tjupan_diphtheria_main_5a9c2892c3ed18cc	EMB_prokbert_C06	EMB_prokbert_C16	-10	0.0	-	-
tjupan_diphtheria_main_5a9c2892c3ed18cc	EMB_prokbert_C06	EMB_prokbert_C19	-10	0.0	-	+
tjupan_diphtheria_main_5a9c2892c3ed18cc	EMB_prokbert_C06	EMB_prokbert_C21	-10	0.0	-	+
tjupan_diphtheria_main_5a9c2892c3ed18cc	EMB_prokbert_C06	EMB_prokbert_C01	-9	1.0	-	+
tjupan_diphtheria_main_5a9c2892c3ed18cc	EMB_prokbert_C06	EMB_prokbert_C09	-9	1.0	-	+
tjupan_diphtheria_main_5a9c2892c3ed18cc	EMB_prokbert_C06	EMB_prokbert_C23	-8	2.0	-	-
tjupan_diphtheria_main_5a9c2892c3ed18cc	EMB_prokbert_C06	EMB_prokbert_C14	-7	3.0	-	-
tjupan_diphtheria_main_5a9c2892c3ed18cc	EMB_prokbert_C08	EMB_prokbert_C16	-10	0.0	-	-
tjupan_diphtheria_main_5a9c2892c3ed18cc	EMB_prokbert_C08	EMB_prokbert_C19	-10	0.0	-	+
tjupan_diphtheria_main_5a9c2892c3ed18cc	EMB_prokbert_C08	EMB_prokbert_C21	-10	0.0	-	+
tjupan_diphtheria_main_5a9c2892c3ed18cc	EMB_prokbert_C08	EMB_prokbert_C01	-9	1.0	-	+
tjupan_diphtheria_main_5a9c2892c3ed18cc	EMB_prokbert_C08	EMB_prokbert_C09	-9	1.0	-	+
tjupan_diphtheria_main_5a9c2892c3ed18cc	EMB_prokbert_C08	EMB_prokbert_C23	-8	2.0	-	-
tjupan_diphtheria_main_5a9c2892c3ed18cc	EMB_prokbert_C08	EMB_prokbert_C14	-7	3.0	-	-
tjupan_diphtheria_main_5a9c2892c3ed18cc	EMB_prokbert_C16	EMB_prokbert_C19	-10	0.0	-	+
tjupan_diphtheria_main_5a9c2892c3ed18cc	EMB_prokbert_C16	EMB_prokbert_C21	-10	0.0	-	+
tjupan_diphtheria_main_5a9c2892c3ed18cc	EMB_prokbert_C16	EMB_prokbert_C01	-9	1.0	-	+
tjupan_diphtheria_main_5a9c2892c3ed18cc	EMB_prokbert_C16	EMB_prokbert_C09	-9	1.0	-	+
tjupan_diphtheria_main_5a9c2892c3ed18cc	EMB_prokbert_C16	EMB_prokbert_C23	-8	2.0	-	-
tjupan_diphtheria_main_5a9c2892c3ed18cc	EMB_prokbert_C16	EMB_prokbert_C14	-7	3.0	-	-
tjupan_diphtheria_main_5a9c2892c3ed18cc	EMB_prokbert_C19	EMB_prokbert_C21	-10	0.0	+	+
tjupan_diphtheria_main_5a9c2892c3ed18cc	EMB_prokbert_C19	EMB_prokbert_C01	-9	1.0	+	+
tjupan_diphtheria_main_5a9c2892c3ed18cc	EMB_prokbert_C19	EMB_prokbert_C09	-9	1.0	+	+
tjupan_diphtheria_main_5a9c2892c3ed18cc	EMB_prokbert_C19	EMB_prokbert_C23	-8	2.0	+	-
tjupan_diphtheria_main_5a9c2892c3ed18cc	EMB_prokbert_C19	EMB_prokbert_C14	-7	3.0	+	-
tjupan_diphtheria_main_5a9c2892c3ed18cc	EMB_prokbert_C21	EMB_prokbert_C01	-9	1.0	+	+
tjupan_diphtheria_main_5a9c2892c3ed18cc	EMB_prokbert_C21	EMB_prokbert_C09	-9	1.0	+	+
tjupan_diphtheria_main_5a9c2892c3ed18cc	EMB_prokbert_C21	EMB_prokbert_C23	-8	2.0	+	-
tjupan_diphtheria_main_5a9c2892c3ed18cc	EMB_prokbert_C21	EMB_prokbert_C14	-7	3.0	+	-
tjupan_diphtheria_main_5a9c2892c3ed18cc	EMB_prokbert_C01	EMB_prokbert_C09	-10	0.0	+	+
tjupan_diphtheria_main_5a9c2892c3ed18cc	EMB_prokbert_C01	EMB_prokbert_C23	-9	1.0	+	-
tjupan_diphtheria_main_5a9c2892c3ed18cc	EMB_prokbert_C01	EMB_prokbert_C14	-8	2.0	+	-
tjupan_diphtheria_main_5a9c2892c3ed18cc	EMB_prokbert_C09	EMB_prokbert_C23	-9	1.0	+	-
tjupan_diphtheria_main_5a9c2892c3ed18cc	EMB_prokbert_C09	EMB_prokbert_C14	-8	2.0	+	-
tjupan_diphtheria_main_5a9c2892c3ed18cc	EMB_prokbert_C23	EMB_prokbert_C14	-9	1.0	-	-
tjupan_diphtheria_main_5d80d98ee870155b	EMB_prokbert_C13	EMB_prokbert_C21	-10	0.0	-	-
tjupan_diphtheria_main_5d80d98ee870155b	EMB_prokbert_C13	EMB_prokbert_C04	-9	1.0	-	-
tjupan_diphtheria_main_5d80d98ee870155b	EMB_prokbert_C13	EMB_prokbert_C08	-9	1.0	-	+
tjupan_diphtheria_main_5d80d98ee870155b	EMB_prokbert_C13	EMB_prokbert_C14	-9	1.0	-	+
tjupan_diphtheria_main_5d80d98ee870155b	EMB_prokbert_C13	EMB_prokbert_C23	-7	3.0	-	+
tjupan_diphtheria_main_5d80d98ee870155b	EMB_prokbert_C21	EMB_prokbert_C04	-9	1.0	-	-
tjupan_diphtheria_main_5d80d98ee870155b	EMB_prokbert_C21	EMB_prokbert_C08	-9	1.0	-	+
tjupan_diphtheria_main_5d80d98ee870155b	EMB_prokbert_C21	EMB_prokbert_C14	-9	1.0	-	+
tjupan_diphtheria_main_5d80d98ee870155b	EMB_prokbert_C21	EMB_prokbert_C23	-7	3.0	-	+
tjupan_diphtheria_main_5d80d98ee870155b	EMB_prokbert_C04	EMB_prokbert_C08	-10	0.0	-	+
tjupan_diphtheria_main_5d80d98ee870155b	EMB_prokbert_C04	EMB_prokbert_C14	-10	0.0	-	+
tjupan_diphtheria_main_5d80d98ee870155b	EMB_prokbert_C04	EMB_prokbert_C23	-8	2.0	-	+
tjupan_diphtheria_main_5d80d98ee870155b	EMB_prokbert_C08	EMB_prokbert_C14	-10	0.0	+	+
tjupan_diphtheria_main_5d80d98ee870155b	EMB_prokbert_C08	EMB_prokbert_C23	-8	2.0	+	+
tjupan_diphtheria_main_5d80d98ee870155b	EMB_prokbert_C14	EMB_prokbert_C23	-8	2.0	+	+
tjupan_diphtheria_main_5e3be1f8b6a32469	EMB_prokbert_C13	EMB_prokbert_C11	-9	1.0	-	+
tjupan_diphtheria_main_5e3be1f8b6a32469	EMB_prokbert_C13	EMB_prokbert_C06	-8	2.0	-	-
tjupan_diphtheria_main_5e3be1f8b6a32469	EMB_prokbert_C13	EMB_prokbert_C21	40	50.0	-	+
tjupan_diphtheria_main_5e3be1f8b6a32469	EMB_prokbert_C11	EMB_prokbert_C06	-9	1.0	+	-
tjupan_diphtheria_main_5e3be1f8b6a32469	EMB_prokbert_C11	EMB_prokbert_C21	39	49.0	+	+
tjupan_diphtheria_main_5e3be1f8b6a32469	EMB_prokbert_C06	EMB_prokbert_C21	38	48.0	-	+
tjupan_diphtheria_main_6044d6a272df9cb9	EMB_prokbert_C05	EMB_prokbert_C21	-10	0.0	-	+
tjupan_diphtheria_main_6044d6a272df9cb9	EMB_prokbert_C05	EMB_prokbert_C08	-6	4.0	-	-
tjupan_diphtheria_main_6044d6a272df9cb9	EMB_prokbert_C05	EMB_prokbert_C11	-6	4.0	-	+
tjupan_diphtheria_main_6044d6a272df9cb9	EMB_prokbert_C05	EMB_prokbert_C14	-6	4.0	-	+
tjupan_diphtheria_main_6044d6a272df9cb9	EMB_prokbert_C05	EMB_prokbert_C16	-6	4.0	-	-
tjupan_diphtheria_main_6044d6a272df9cb9	EMB_prokbert_C05	EMB_prokbert_C04	-5	5.0	-	+
tjupan_diphtheria_main_6044d6a272df9cb9	EMB_prokbert_C05	EMB_prokbert_C23	-5	5.0	-	-
tjupan_diphtheria_main_6044d6a272df9cb9	EMB_prokbert_C21	EMB_prokbert_C08	-6	4.0	+	-
tjupan_diphtheria_main_6044d6a272df9cb9	EMB_prokbert_C21	EMB_prokbert_C11	-6	4.0	+	+
tjupan_diphtheria_main_6044d6a272df9cb9	EMB_prokbert_C21	EMB_prokbert_C14	-6	4.0	+	+
tjupan_diphtheria_main_6044d6a272df9cb9	EMB_prokbert_C21	EMB_prokbert_C16	-6	4.0	+	-
tjupan_diphtheria_main_6044d6a272df9cb9	EMB_prokbert_C21	EMB_prokbert_C04	-5	5.0	+	+
tjupan_diphtheria_main_6044d6a272df9cb9	EMB_prokbert_C21	EMB_prokbert_C23	-5	5.0	+	-
tjupan_diphtheria_main_6044d6a272df9cb9	EMB_prokbert_C08	EMB_prokbert_C11	-10	0.0	-	+
tjupan_diphtheria_main_6044d6a272df9cb9	EMB_prokbert_C08	EMB_prokbert_C14	-10	0.0	-	+
tjupan_diphtheria_main_6044d6a272df9cb9	EMB_prokbert_C08	EMB_prokbert_C16	-10	0.0	-	-
tjupan_diphtheria_main_6044d6a272df9cb9	EMB_prokbert_C08	EMB_prokbert_C04	-9	1.0	-	+
tjupan_diphtheria_main_6044d6a272df9cb9	EMB_prokbert_C08	EMB_prokbert_C23	-9	1.0	-	-
tjupan_diphtheria_main_6044d6a272df9cb9	EMB_prokbert_C11	EMB_prokbert_C14	-10	0.0	+	+
tjupan_diphtheria_main_6044d6a272df9cb9	EMB_prokbert_C11	EMB_prokbert_C16	-10	0.0	+	-
tjupan_diphtheria_main_6044d6a272df9cb9	EMB_prokbert_C11	EMB_prokbert_C04	-9	1.0	+	+
tjupan_diphtheria_main_6044d6a272df9cb9	EMB_prokbert_C11	EMB_prokbert_C23	-9	1.0	+	-
tjupan_diphtheria_main_6044d6a272df9cb9	EMB_prokbert_C14	EMB_prokbert_C16	-10	0.0	+	-
tjupan_diphtheria_main_6044d6a272df9cb9	EMB_prokbert_C14	EMB_prokbert_C04	-9	1.0	+	+
tjupan_diphtheria_main_6044d6a272df9cb9	EMB_prokbert_C14	EMB_prokbert_C23	-9	1.0	+	-
tjupan_diphtheria_main_6044d6a272df9cb9	EMB_prokbert_C16	EMB_prokbert_C04	-9	1.0	-	+
tjupan_diphtheria_main_6044d6a272df9cb9	EMB_prokbert_C16	EMB_prokbert_C23	-9	1.0	-	-
tjupan_diphtheria_main_6044d6a272df9cb9	EMB_prokbert_C04	EMB_prokbert_C23	-10	0.0	+	-
tjupan_diphtheria_main_6086a613695e306b	EMB_prokbert_C00	EMB_prokbert_C17	-10	0.0	+	-
tjupan_diphtheria_main_6086a613695e306b	EMB_prokbert_C00	EMB_prokbert_C19	-10	0.0	+	+
tjupan_diphtheria_main_6086a613695e306b	EMB_prokbert_C00	EMB_prokbert_C01	17	27.0	+	+
tjupan_diphtheria_main_6086a613695e306b	EMB_prokbert_C17	EMB_prokbert_C19	-10	0.0	-	+
tjupan_diphtheria_main_6086a613695e306b	EMB_prokbert_C17	EMB_prokbert_C01	17	27.0	-	+
tjupan_diphtheria_main_6086a613695e306b	EMB_prokbert_C19	EMB_prokbert_C01	17	27.0	+	+
tjupan_diphtheria_main_68b03439a09d3dc6	EMB_prokbert_C13	EMB_prokbert_C14	-9	1.0	+	-
tjupan_diphtheria_main_68b03439a09d3dc6	EMB_prokbert_C13	EMB_prokbert_C04	-8	2.0	+	+
tjupan_diphtheria_main_68b03439a09d3dc6	EMB_prokbert_C13	EMB_prokbert_C23	-8	2.0	+	-
tjupan_diphtheria_main_68b03439a09d3dc6	EMB_prokbert_C14	EMB_prokbert_C04	-9	1.0	-	+
tjupan_diphtheria_main_68b03439a09d3dc6	EMB_prokbert_C14	EMB_prokbert_C23	-9	1.0	-	-
tjupan_diphtheria_main_68b03439a09d3dc6	EMB_prokbert_C04	EMB_prokbert_C23	-10	0.0	+	-
tjupan_diphtheria_main_6b3a4319db5a7a8a	EMB_prokbert_C00	EMB_prokbert_C17	-10	0.0	+	-
tjupan_diphtheria_main_6b3a4319db5a7a8a	EMB_prokbert_C00	EMB_prokbert_C19	-10	0.0	+	+
tjupan_diphtheria_main_6b3a4319db5a7a8a	EMB_prokbert_C17	EMB_prokbert_C19	-10	0.0	-	+
tjupan_diphtheria_main_6b6e14412cb1ec44	EMB_prokbert_C00	EMB_prokbert_C10	3	13.0	-	+
tjupan_diphtheria_main_6c7a353a6baf0d6d	EMB_prokbert_C02	EMB_prokbert_C04	12	22.0	+	+
tjupan_diphtheria_main_6c7a353a6baf0d6d	EMB_prokbert_C02	EMB_prokbert_C13	13	23.0	+	+
tjupan_diphtheria_main_6c7a353a6baf0d6d	EMB_prokbert_C02	EMB_prokbert_C14	13	23.0	+	+
tjupan_diphtheria_main_6c7a353a6baf0d6d	EMB_prokbert_C04	EMB_prokbert_C13	-9	1.0	+	+
tjupan_diphtheria_main_6c7a353a6baf0d6d	EMB_prokbert_C04	EMB_prokbert_C14	-9	1.0	+	+
tjupan_diphtheria_main_6c7a353a6baf0d6d	EMB_prokbert_C13	EMB_prokbert_C14	-10	0.0	+	+
tjupan_diphtheria_main_6e80b0229e1f9077	EMB_prokbert_C06	EMB_prokbert_C21	-10	0.0	-	+
tjupan_diphtheria_main_6e80b0229e1f9077	EMB_prokbert_C06	EMB_prokbert_C01	-9	1.0	-	+
tjupan_diphtheria_main_6e80b0229e1f9077	EMB_prokbert_C06	EMB_prokbert_C09	-9	1.0	-	+
tjupan_diphtheria_main_6e80b0229e1f9077	EMB_prokbert_C06	EMB_prokbert_C16	-9	1.0	-	-
tjupan_diphtheria_main_6e80b0229e1f9077	EMB_prokbert_C06	EMB_prokbert_C04	-8	2.0	-	+
tjupan_diphtheria_main_6e80b0229e1f9077	EMB_prokbert_C06	EMB_prokbert_C08	-8	2.0	-	-
tjupan_diphtheria_main_6e80b0229e1f9077	EMB_prokbert_C06	EMB_prokbert_C14	-8	2.0	-	-
tjupan_diphtheria_main_6e80b0229e1f9077	EMB_prokbert_C06	EMB_prokbert_C23	-8	2.0	-	-
tjupan_diphtheria_main_6e80b0229e1f9077	EMB_prokbert_C06	EMB_prokbert_C11	-2	8.0	-	-
tjupan_diphtheria_main_6e80b0229e1f9077	EMB_prokbert_C06	EMB_prokbert_C13	-2	8.0	-	+
tjupan_diphtheria_main_6e80b0229e1f9077	EMB_prokbert_C21	EMB_prokbert_C01	-9	1.0	+	+
tjupan_diphtheria_main_6e80b0229e1f9077	EMB_prokbert_C21	EMB_prokbert_C09	-9	1.0	+	+
tjupan_diphtheria_main_6e80b0229e1f9077	EMB_prokbert_C21	EMB_prokbert_C16	-9	1.0	+	-
tjupan_diphtheria_main_6e80b0229e1f9077	EMB_prokbert_C21	EMB_prokbert_C04	-8	2.0	+	+
tjupan_diphtheria_main_6e80b0229e1f9077	EMB_prokbert_C21	EMB_prokbert_C08	-8	2.0	+	-
tjupan_diphtheria_main_6e80b0229e1f9077	EMB_prokbert_C21	EMB_prokbert_C14	-8	2.0	+	-
tjupan_diphtheria_main_6e80b0229e1f9077	EMB_prokbert_C21	EMB_prokbert_C23	-8	2.0	+	-
tjupan_diphtheria_main_6e80b0229e1f9077	EMB_prokbert_C21	EMB_prokbert_C11	-2	8.0	+	-
tjupan_diphtheria_main_6e80b0229e1f9077	EMB_prokbert_C21	EMB_prokbert_C13	-2	8.0	+	+
tjupan_diphtheria_main_6e80b0229e1f9077	EMB_prokbert_C01	EMB_prokbert_C09	-10	0.0	+	+
tjupan_diphtheria_main_6e80b0229e1f9077	EMB_prokbert_C01	EMB_prokbert_C16	-10	0.0	+	-
tjupan_diphtheria_main_6e80b0229e1f9077	EMB_prokbert_C01	EMB_prokbert_C04	-9	1.0	+	+
tjupan_diphtheria_main_6e80b0229e1f9077	EMB_prokbert_C01	EMB_prokbert_C08	-9	1.0	+	-
tjupan_diphtheria_main_6e80b0229e1f9077	EMB_prokbert_C01	EMB_prokbert_C14	-9	1.0	+	-
tjupan_diphtheria_main_6e80b0229e1f9077	EMB_prokbert_C01	EMB_prokbert_C23	-9	1.0	+	-
tjupan_diphtheria_main_6e80b0229e1f9077	EMB_prokbert_C01	EMB_prokbert_C11	-3	7.0	+	-
tjupan_diphtheria_main_6e80b0229e1f9077	EMB_prokbert_C01	EMB_prokbert_C13	-3	7.0	+	+
tjupan_diphtheria_main_6e80b0229e1f9077	EMB_prokbert_C09	EMB_prokbert_C16	-10	0.0	+	-
tjupan_diphtheria_main_6e80b0229e1f9077	EMB_prokbert_C09	EMB_prokbert_C04	-9	1.0	+	+
tjupan_diphtheria_main_6e80b0229e1f9077	EMB_prokbert_C09	EMB_prokbert_C08	-9	1.0	+	-
tjupan_diphtheria_main_6e80b0229e1f9077	EMB_prokbert_C09	EMB_prokbert_C14	-9	1.0	+	-
tjupan_diphtheria_main_6e80b0229e1f9077	EMB_prokbert_C09	EMB_prokbert_C23	-9	1.0	+	-
tjupan_diphtheria_main_6e80b0229e1f9077	EMB_prokbert_C09	EMB_prokbert_C11	-3	7.0	+	-
tjupan_diphtheria_main_6e80b0229e1f9077	EMB_prokbert_C09	EMB_prokbert_C13	-3	7.0	+	+
tjupan_diphtheria_main_6e80b0229e1f9077	EMB_prokbert_C16	EMB_prokbert_C04	-9	1.0	-	+
tjupan_diphtheria_main_6e80b0229e1f9077	EMB_prokbert_C16	EMB_prokbert_C08	-9	1.0	-	-
tjupan_diphtheria_main_6e80b0229e1f9077	EMB_prokbert_C16	EMB_prokbert_C14	-9	1.0	-	-
tjupan_diphtheria_main_6e80b0229e1f9077	EMB_prokbert_C16	EMB_prokbert_C23	-9	1.0	-	-
tjupan_diphtheria_main_6e80b0229e1f9077	EMB_prokbert_C16	EMB_prokbert_C11	-3	7.0	-	-
tjupan_diphtheria_main_6e80b0229e1f9077	EMB_prokbert_C16	EMB_prokbert_C13	-3	7.0	-	+
tjupan_diphtheria_main_6e80b0229e1f9077	EMB_prokbert_C04	EMB_prokbert_C08	-10	0.0	+	-
tjupan_diphtheria_main_6e80b0229e1f9077	EMB_prokbert_C04	EMB_prokbert_C14	-10	0.0	+	-
tjupan_diphtheria_main_6e80b0229e1f9077	EMB_prokbert_C04	EMB_prokbert_C23	-10	0.0	+	-
tjupan_diphtheria_main_6e80b0229e1f9077	EMB_prokbert_C04	EMB_prokbert_C11	-4	6.0	+	-
tjupan_diphtheria_main_6e80b0229e1f9077	EMB_prokbert_C04	EMB_prokbert_C13	-4	6.0	+	+
tjupan_diphtheria_main_6e80b0229e1f9077	EMB_prokbert_C08	EMB_prokbert_C14	-10	0.0	-	-
tjupan_diphtheria_main_6e80b0229e1f9077	EMB_prokbert_C08	EMB_prokbert_C23	-10	0.0	-	-
tjupan_diphtheria_main_6e80b0229e1f9077	EMB_prokbert_C08	EMB_prokbert_C11	-4	6.0	-	-
tjupan_diphtheria_main_6e80b0229e1f9077	EMB_prokbert_C08	EMB_prokbert_C13	-4	6.0	-	+
tjupan_diphtheria_main_6e80b0229e1f9077	EMB_prokbert_C14	EMB_prokbert_C23	-10	0.0	-	-
tjupan_diphtheria_main_6e80b0229e1f9077	EMB_prokbert_C14	EMB_prokbert_C11	-4	6.0	-	-
tjupan_diphtheria_main_6e80b0229e1f9077	EMB_prokbert_C14	EMB_prokbert_C13	-4	6.0	-	+
tjupan_diphtheria_main_6e80b0229e1f9077	EMB_prokbert_C23	EMB_prokbert_C11	-4	6.0	-	-
tjupan_diphtheria_main_6e80b0229e1f9077	EMB_prokbert_C23	EMB_prokbert_C13	-4	6.0	-	+
tjupan_diphtheria_main_6e80b0229e1f9077	EMB_prokbert_C11	EMB_prokbert_C13	-10	0.0	-	+
tjupan_diphtheria_main_6eafa75b0d5cf3e3	EMB_prokbert_C08	EMB_prokbert_C01	-9	1.0	+	-
tjupan_diphtheria_main_6eafa75b0d5cf3e3	EMB_prokbert_C08	EMB_prokbert_C09	-9	1.0	+	-
tjupan_diphtheria_main_6eafa75b0d5cf3e3	EMB_prokbert_C08	EMB_prokbert_C22	-9	1.0	+	+
tjupan_diphtheria_main_6eafa75b0d5cf3e3	EMB_prokbert_C08	EMB_prokbert_C05	-7	3.0	+	+
tjupan_diphtheria_main_6eafa75b0d5cf3e3	EMB_prokbert_C01	EMB_prokbert_C09	-10	0.0	-	-
tjupan_diphtheria_main_6eafa75b0d5cf3e3	EMB_prokbert_C01	EMB_prokbert_C22	-10	0.0	-	+
tjupan_diphtheria_main_6eafa75b0d5cf3e3	EMB_prokbert_C01	EMB_prokbert_C05	-8	2.0	-	+
tjupan_diphtheria_main_6eafa75b0d5cf3e3	EMB_prokbert_C09	EMB_prokbert_C22	-10	0.0	-	+
tjupan_diphtheria_main_6eafa75b0d5cf3e3	EMB_prokbert_C09	EMB_prokbert_C05	-8	2.0	-	+
tjupan_diphtheria_main_6eafa75b0d5cf3e3	EMB_prokbert_C22	EMB_prokbert_C05	-8	2.0	+	+
tjupan_diphtheria_main_6f73c166d0e7bbc3	EMB_prokbert_C23	EMB_prokbert_C11	-8	2.0	+	-
tjupan_diphtheria_main_6f73c166d0e7bbc3	EMB_prokbert_C23	EMB_prokbert_C13	-8	2.0	+	-
tjupan_diphtheria_main_6f73c166d0e7bbc3	EMB_prokbert_C11	EMB_prokbert_C13	-10	0.0	-	-
tjupan_diphtheria_main_7ceeb60a78e0ac53	EMB_prokbert_C01	EMB_prokbert_C05	-10	0.0	-	+
tjupan_diphtheria_main_7ceeb60a78e0ac53	EMB_prokbert_C01	EMB_prokbert_C08	-10	0.0	-	+
tjupan_diphtheria_main_7ceeb60a78e0ac53	EMB_prokbert_C01	EMB_prokbert_C22	-10	0.0	-	+
tjupan_diphtheria_main_7ceeb60a78e0ac53	EMB_prokbert_C01	EMB_prokbert_C13	10	20.0	-	+
tjupan_diphtheria_main_7ceeb60a78e0ac53	EMB_prokbert_C01	EMB_prokbert_C14	13	23.0	-	-
tjupan_diphtheria_main_7ceeb60a78e0ac53	EMB_prokbert_C01	EMB_prokbert_C04	14	24.0	-	-
tjupan_diphtheria_main_7ceeb60a78e0ac53	EMB_prokbert_C01	EMB_prokbert_C23	14	24.0	-	-
tjupan_diphtheria_main_7ceeb60a78e0ac53	EMB_prokbert_C05	EMB_prokbert_C08	-10	0.0	+	+
tjupan_diphtheria_main_7ceeb60a78e0ac53	EMB_prokbert_C05	EMB_prokbert_C22	-10	0.0	+	+
tjupan_diphtheria_main_7ceeb60a78e0ac53	EMB_prokbert_C05	EMB_prokbert_C13	10	20.0	+	+
tjupan_diphtheria_main_7ceeb60a78e0ac53	EMB_prokbert_C05	EMB_prokbert_C14	13	23.0	+	-
tjupan_diphtheria_main_7ceeb60a78e0ac53	EMB_prokbert_C05	EMB_prokbert_C04	14	24.0	+	-
tjupan_diphtheria_main_7ceeb60a78e0ac53	EMB_prokbert_C05	EMB_prokbert_C23	14	24.0	+	-
tjupan_diphtheria_main_7ceeb60a78e0ac53	EMB_prokbert_C08	EMB_prokbert_C22	-10	0.0	+	+
tjupan_diphtheria_main_7ceeb60a78e0ac53	EMB_prokbert_C08	EMB_prokbert_C13	10	20.0	+	+
tjupan_diphtheria_main_7ceeb60a78e0ac53	EMB_prokbert_C08	EMB_prokbert_C14	13	23.0	+	-
tjupan_diphtheria_main_7ceeb60a78e0ac53	EMB_prokbert_C08	EMB_prokbert_C04	14	24.0	+	-
tjupan_diphtheria_main_7ceeb60a78e0ac53	EMB_prokbert_C08	EMB_prokbert_C23	14	24.0	+	-
tjupan_diphtheria_main_7ceeb60a78e0ac53	EMB_prokbert_C22	EMB_prokbert_C13	10	20.0	+	+
tjupan_diphtheria_main_7ceeb60a78e0ac53	EMB_prokbert_C22	EMB_prokbert_C14	13	23.0	+	-
tjupan_diphtheria_main_7ceeb60a78e0ac53	EMB_prokbert_C22	EMB_prokbert_C04	14	24.0	+	-
tjupan_diphtheria_main_7ceeb60a78e0ac53	EMB_prokbert_C22	EMB_prokbert_C23	14	24.0	+	-
tjupan_diphtheria_main_7ceeb60a78e0ac53	EMB_prokbert_C13	EMB_prokbert_C14	-7	3.0	+	-
tjupan_diphtheria_main_7ceeb60a78e0ac53	EMB_prokbert_C13	EMB_prokbert_C04	-6	4.0	+	-
tjupan_diphtheria_main_7ceeb60a78e0ac53	EMB_prokbert_C13	EMB_prokbert_C23	-6	4.0	+	-
tjupan_diphtheria_main_7ceeb60a78e0ac53	EMB_prokbert_C14	EMB_prokbert_C04	-9	1.0	-	-
tjupan_diphtheria_main_7ceeb60a78e0ac53	EMB_prokbert_C14	EMB_prokbert_C23	-9	1.0	-	-
tjupan_diphtheria_main_7ceeb60a78e0ac53	EMB_prokbert_C04	EMB_prokbert_C23	-10	0.0	-	-
tjupan_diphtheria_main_7e724711b3857017	EMB_prokbert_C13	EMB_prokbert_C14	11	21.0	-	+
tjupan_diphtheria_main_807e3cea52dd5efd	EMB_prokbert_C08	EMB_prokbert_C01	32	42.0	+	+
tjupan_diphtheria_main_807e3cea52dd5efd	EMB_prokbert_C08	EMB_prokbert_C05	32	42.0	+	-
tjupan_diphtheria_main_807e3cea52dd5efd	EMB_prokbert_C08	EMB_prokbert_C09	32	42.0	+	+
tjupan_diphtheria_main_807e3cea52dd5efd	EMB_prokbert_C08	EMB_prokbert_C22	32	42.0	+	-
tjupan_diphtheria_main_807e3cea52dd5efd	EMB_prokbert_C08	EMB_prokbert_C11	38	48.0	+	+
tjupan_diphtheria_main_807e3cea52dd5efd	EMB_prokbert_C08	EMB_prokbert_C14	40	50.0	+	+
tjupan_diphtheria_main_807e3cea52dd5efd	EMB_prokbert_C08	EMB_prokbert_C04	41	51.0	+	-
tjupan_diphtheria_main_807e3cea52dd5efd	EMB_prokbert_C08	EMB_prokbert_C23	41	51.0	+	+
tjupan_diphtheria_main_807e3cea52dd5efd	EMB_prokbert_C01	EMB_prokbert_C05	-10	0.0	+	-
tjupan_diphtheria_main_807e3cea52dd5efd	EMB_prokbert_C01	EMB_prokbert_C09	-10	0.0	+	+
tjupan_diphtheria_main_807e3cea52dd5efd	EMB_prokbert_C01	EMB_prokbert_C22	-10	0.0	+	-
tjupan_diphtheria_main_807e3cea52dd5efd	EMB_prokbert_C01	EMB_prokbert_C11	-4	6.0	+	+
tjupan_diphtheria_main_807e3cea52dd5efd	EMB_prokbert_C01	EMB_prokbert_C14	-2	8.0	+	+
tjupan_diphtheria_main_807e3cea52dd5efd	EMB_prokbert_C01	EMB_prokbert_C04	-1	9.0	+	-
tjupan_diphtheria_main_807e3cea52dd5efd	EMB_prokbert_C01	EMB_prokbert_C23	-1	9.0	+	+
tjupan_diphtheria_main_807e3cea52dd5efd	EMB_prokbert_C05	EMB_prokbert_C09	-10	0.0	-	+
tjupan_diphtheria_main_807e3cea52dd5efd	EMB_prokbert_C05	EMB_prokbert_C22	-10	0.0	-	-
tjupan_diphtheria_main_807e3cea52dd5efd	EMB_prokbert_C05	EMB_prokbert_C11	-4	6.0	-	+
tjupan_diphtheria_main_807e3cea52dd5efd	EMB_prokbert_C05	EMB_prokbert_C14	-2	8.0	-	+
tjupan_diphtheria_main_807e3cea52dd5efd	EMB_prokbert_C05	EMB_prokbert_C04	-1	9.0	-	-
tjupan_diphtheria_main_807e3cea52dd5efd	EMB_prokbert_C05	EMB_prokbert_C23	-1	9.0	-	+
tjupan_diphtheria_main_807e3cea52dd5efd	EMB_prokbert_C09	EMB_prokbert_C22	-10	0.0	+	-
tjupan_diphtheria_main_807e3cea52dd5efd	EMB_prokbert_C09	EMB_prokbert_C11	-4	6.0	+	+
tjupan_diphtheria_main_807e3cea52dd5efd	EMB_prokbert_C09	EMB_prokbert_C14	-2	8.0	+	+
tjupan_diphtheria_main_807e3cea52dd5efd	EMB_prokbert_C09	EMB_prokbert_C04	-1	9.0	+	-
tjupan_diphtheria_main_807e3cea52dd5efd	EMB_prokbert_C09	EMB_prokbert_C23	-1	9.0	+	+
tjupan_diphtheria_main_807e3cea52dd5efd	EMB_prokbert_C22	EMB_prokbert_C11	-4	6.0	-	+
tjupan_diphtheria_main_807e3cea52dd5efd	EMB_prokbert_C22	EMB_prokbert_C14	-2	8.0	-	+
tjupan_diphtheria_main_807e3cea52dd5efd	EMB_prokbert_C22	EMB_prokbert_C04	-1	9.0	-	-
tjupan_diphtheria_main_807e3cea52dd5efd	EMB_prokbert_C22	EMB_prokbert_C23	-1	9.0	-	+
tjupan_diphtheria_main_807e3cea52dd5efd	EMB_prokbert_C11	EMB_prokbert_C14	-8	2.0	+	+
tjupan_diphtheria_main_807e3cea52dd5efd	EMB_prokbert_C11	EMB_prokbert_C04	-7	3.0	+	-
tjupan_diphtheria_main_807e3cea52dd5efd	EMB_prokbert_C11	EMB_prokbert_C23	-7	3.0	+	+
tjupan_diphtheria_main_807e3cea52dd5efd	EMB_prokbert_C14	EMB_prokbert_C04	-9	1.0	+	-
tjupan_diphtheria_main_807e3cea52dd5efd	EMB_prokbert_C14	EMB_prokbert_C23	-9	1.0	+	+
tjupan_diphtheria_main_807e3cea52dd5efd	EMB_prokbert_C04	EMB_prokbert_C23	-10	0.0	-	+
tjupan_diphtheria_main_80c4a5e03ca837a8	EMB_prokbert_C04	EMB_prokbert_C14	-9	1.0	+	-
tjupan_diphtheria_main_80c4a5e03ca837a8	EMB_prokbert_C04	EMB_prokbert_C13	-2	8.0	+	+
tjupan_diphtheria_main_80c4a5e03ca837a8	EMB_prokbert_C04	EMB_prokbert_C23	3	13.0	+	-
tjupan_diphtheria_main_80c4a5e03ca837a8	EMB_prokbert_C04	EMB_prokbert_C00	12	22.0	+	+
tjupan_diphtheria_main_80c4a5e03ca837a8	EMB_prokbert_C04	EMB_prokbert_C17	46	56.0	+	-
tjupan_diphtheria_main_80c4a5e03ca837a8	EMB_prokbert_C04	EMB_prokbert_C19	46	56.0	+	+
tjupan_diphtheria_main_80c4a5e03ca837a8	EMB_prokbert_C14	EMB_prokbert_C13	-3	7.0	-	+
tjupan_diphtheria_main_80c4a5e03ca837a8	EMB_prokbert_C14	EMB_prokbert_C23	2	12.0	-	-
tjupan_diphtheria_main_80c4a5e03ca837a8	EMB_prokbert_C14	EMB_prokbert_C00	11	21.0	-	+
tjupan_diphtheria_main_80c4a5e03ca837a8	EMB_prokbert_C14	EMB_prokbert_C17	45	55.0	-	-
tjupan_diphtheria_main_80c4a5e03ca837a8	EMB_prokbert_C14	EMB_prokbert_C19	45	55.0	-	+
tjupan_diphtheria_main_80c4a5e03ca837a8	EMB_prokbert_C13	EMB_prokbert_C23	-5	5.0	+	-
tjupan_diphtheria_main_80c4a5e03ca837a8	EMB_prokbert_C13	EMB_prokbert_C00	4	14.0	+	+
tjupan_diphtheria_main_80c4a5e03ca837a8	EMB_prokbert_C13	EMB_prokbert_C17	38	48.0	+	-
tjupan_diphtheria_main_80c4a5e03ca837a8	EMB_prokbert_C13	EMB_prokbert_C19	38	48.0	+	+
tjupan_diphtheria_main_80c4a5e03ca837a8	EMB_prokbert_C23	EMB_prokbert_C00	-1	9.0	-	+
tjupan_diphtheria_main_80c4a5e03ca837a8	EMB_prokbert_C23	EMB_prokbert_C17	33	43.0	-	-
tjupan_diphtheria_main_80c4a5e03ca837a8	EMB_prokbert_C23	EMB_prokbert_C19	33	43.0	-	+
tjupan_diphtheria_main_80c4a5e03ca837a8	EMB_prokbert_C00	EMB_prokbert_C17	24	34.0	+	-
tjupan_diphtheria_main_80c4a5e03ca837a8	EMB_prokbert_C00	EMB_prokbert_C19	24	34.0	+	+
tjupan_diphtheria_main_80c4a5e03ca837a8	EMB_prokbert_C17	EMB_prokbert_C19	-10	0.0	-	+
tjupan_diphtheria_main_80d62fd9dca20339	EMB_prokbert_C11	EMB_prokbert_C13	-10	0.0	-	+
tjupan_diphtheria_main_80d62fd9dca20339	EMB_prokbert_C11	EMB_prokbert_C04	-9	1.0	-	+
tjupan_diphtheria_main_80d62fd9dca20339	EMB_prokbert_C11	EMB_prokbert_C14	-9	1.0	-	-
tjupan_diphtheria_main_80d62fd9dca20339	EMB_prokbert_C11	EMB_prokbert_C23	-9	1.0	-	+
tjupan_diphtheria_main_80d62fd9dca20339	EMB_prokbert_C13	EMB_prokbert_C04	-9	1.0	+	+
tjupan_diphtheria_main_80d62fd9dca20339	EMB_prokbert_C13	EMB_prokbert_C14	-9	1.0	+	-
tjupan_diphtheria_main_80d62fd9dca20339	EMB_prokbert_C13	EMB_prokbert_C23	-9	1.0	+	+
tjupan_diphtheria_main_80d62fd9dca20339	EMB_prokbert_C04	EMB_prokbert_C14	-10	0.0	+	-
tjupan_diphtheria_main_80d62fd9dca20339	EMB_prokbert_C04	EMB_prokbert_C23	-10	0.0	+	+
tjupan_diphtheria_main_80d62fd9dca20339	EMB_prokbert_C14	EMB_prokbert_C23	-10	0.0	-	+
tjupan_diphtheria_main_87984b516e8e0204	EMB_prokbert_C21	EMB_prokbert_C16	-9	1.0	+	-
tjupan_diphtheria_main_87984b516e8e0204	EMB_prokbert_C21	EMB_prokbert_C19	-9	1.0	+	+
tjupan_diphtheria_main_87984b516e8e0204	EMB_prokbert_C16	EMB_prokbert_C19	-10	0.0	-	+
tjupan_diphtheria_main_88707c3b3e4c05d2	EMB_prokbert_C13	EMB_prokbert_C23	-10	0.0	+	-
tjupan_diphtheria_main_8dc0cc2bfda2ae56	EMB_prokbert_C21	EMB_prokbert_C00	-3	7.0	-	-
tjupan_diphtheria_main_98b431cf3266e7cf	EMB_prokbert_C01	EMB_prokbert_C05	-10	0.0	-	+
tjupan_diphtheria_main_98b431cf3266e7cf	EMB_prokbert_C01	EMB_prokbert_C09	-10	0.0	-	-
tjupan_diphtheria_main_98b431cf3266e7cf	EMB_prokbert_C01	EMB_prokbert_C20	-10	0.0	-	-
tjupan_diphtheria_main_98b431cf3266e7cf	EMB_prokbert_C01	EMB_prokbert_C21	-10	0.0	-	-
tjupan_diphtheria_main_98b431cf3266e7cf	EMB_prokbert_C01	EMB_prokbert_C22	-10	0.0	-	+
tjupan_diphtheria_main_98b431cf3266e7cf	EMB_prokbert_C01	EMB_prokbert_C14	9	19.0	-	+
tjupan_diphtheria_main_98b431cf3266e7cf	EMB_prokbert_C01	EMB_prokbert_C04	10	20.0	-	-
tjupan_diphtheria_main_98b431cf3266e7cf	EMB_prokbert_C01	EMB_prokbert_C13	10	20.0	-	-
tjupan_diphtheria_main_98b431cf3266e7cf	EMB_prokbert_C01	EMB_prokbert_C23	10	20.0	-	-
tjupan_diphtheria_main_98b431cf3266e7cf	EMB_prokbert_C05	EMB_prokbert_C09	-10	0.0	+	-
tjupan_diphtheria_main_98b431cf3266e7cf	EMB_prokbert_C05	EMB_prokbert_C20	-10	0.0	+	-
tjupan_diphtheria_main_98b431cf3266e7cf	EMB_prokbert_C05	EMB_prokbert_C21	-10	0.0	+	-
tjupan_diphtheria_main_98b431cf3266e7cf	EMB_prokbert_C05	EMB_prokbert_C22	-10	0.0	+	+
tjupan_diphtheria_main_98b431cf3266e7cf	EMB_prokbert_C05	EMB_prokbert_C14	9	19.0	+	+
tjupan_diphtheria_main_98b431cf3266e7cf	EMB_prokbert_C05	EMB_prokbert_C04	10	20.0	+	-
tjupan_diphtheria_main_98b431cf3266e7cf	EMB_prokbert_C05	EMB_prokbert_C13	10	20.0	+	-
tjupan_diphtheria_main_98b431cf3266e7cf	EMB_prokbert_C05	EMB_prokbert_C23	10	20.0	+	-
tjupan_diphtheria_main_98b431cf3266e7cf	EMB_prokbert_C09	EMB_prokbert_C20	-10	0.0	-	-
tjupan_diphtheria_main_98b431cf3266e7cf	EMB_prokbert_C09	EMB_prokbert_C21	-10	0.0	-	-
tjupan_diphtheria_main_98b431cf3266e7cf	EMB_prokbert_C09	EMB_prokbert_C22	-10	0.0	-	+
tjupan_diphtheria_main_98b431cf3266e7cf	EMB_prokbert_C09	EMB_prokbert_C14	9	19.0	-	+
tjupan_diphtheria_main_98b431cf3266e7cf	EMB_prokbert_C09	EMB_prokbert_C04	10	20.0	-	-
tjupan_diphtheria_main_98b431cf3266e7cf	EMB_prokbert_C09	EMB_prokbert_C13	10	20.0	-	-
tjupan_diphtheria_main_98b431cf3266e7cf	EMB_prokbert_C09	EMB_prokbert_C23	10	20.0	-	-
tjupan_diphtheria_main_98b431cf3266e7cf	EMB_prokbert_C20	EMB_prokbert_C21	-10	0.0	-	-
tjupan_diphtheria_main_98b431cf3266e7cf	EMB_prokbert_C20	EMB_prokbert_C22	-10	0.0	-	+
tjupan_diphtheria_main_98b431cf3266e7cf	EMB_prokbert_C20	EMB_prokbert_C14	9	19.0	-	+
tjupan_diphtheria_main_98b431cf3266e7cf	EMB_prokbert_C20	EMB_prokbert_C04	10	20.0	-	-
tjupan_diphtheria_main_98b431cf3266e7cf	EMB_prokbert_C20	EMB_prokbert_C13	10	20.0	-	-
tjupan_diphtheria_main_98b431cf3266e7cf	EMB_prokbert_C20	EMB_prokbert_C23	10	20.0	-	-
tjupan_diphtheria_main_98b431cf3266e7cf	EMB_prokbert_C21	EMB_prokbert_C22	-10	0.0	-	+
tjupan_diphtheria_main_98b431cf3266e7cf	EMB_prokbert_C21	EMB_prokbert_C14	9	19.0	-	+
tjupan_diphtheria_main_98b431cf3266e7cf	EMB_prokbert_C21	EMB_prokbert_C04	10	20.0	-	-
tjupan_diphtheria_main_98b431cf3266e7cf	EMB_prokbert_C21	EMB_prokbert_C13	10	20.0	-	-
tjupan_diphtheria_main_98b431cf3266e7cf	EMB_prokbert_C21	EMB_prokbert_C23	10	20.0	-	-
tjupan_diphtheria_main_98b431cf3266e7cf	EMB_prokbert_C22	EMB_prokbert_C14	9	19.0	+	+
tjupan_diphtheria_main_98b431cf3266e7cf	EMB_prokbert_C22	EMB_prokbert_C04	10	20.0	+	-
tjupan_diphtheria_main_98b431cf3266e7cf	EMB_prokbert_C22	EMB_prokbert_C13	10	20.0	+	-
tjupan_diphtheria_main_98b431cf3266e7cf	EMB_prokbert_C22	EMB_prokbert_C23	10	20.0	+	-
tjupan_diphtheria_main_98b431cf3266e7cf	EMB_prokbert_C14	EMB_prokbert_C04	-9	1.0	+	-
tjupan_diphtheria_main_98b431cf3266e7cf	EMB_prokbert_C14	EMB_prokbert_C13	-9	1.0	+	-
tjupan_diphtheria_main_98b431cf3266e7cf	EMB_prokbert_C14	EMB_prokbert_C23	-9	1.0	+	-
tjupan_diphtheria_main_98b431cf3266e7cf	EMB_prokbert_C04	EMB_prokbert_C13	-10	0.0	-	-
tjupan_diphtheria_main_98b431cf3266e7cf	EMB_prokbert_C04	EMB_prokbert_C23	-10	0.0	-	-
tjupan_diphtheria_main_98b431cf3266e7cf	EMB_prokbert_C13	EMB_prokbert_C23	-10	0.0	-	-
tjupan_diphtheria_main_9c79736b2855bb8a	EMB_prokbert_C14	EMB_prokbert_C23	-10	0.0	+	+
tjupan_diphtheria_main_9c79736b2855bb8a	EMB_prokbert_C14	EMB_prokbert_C13	-5	5.0	+	-
tjupan_diphtheria_main_9c79736b2855bb8a	EMB_prokbert_C23	EMB_prokbert_C13	-5	5.0	+	-
tjupan_diphtheria_main_a1880163ae33fd31	EMB_prokbert_C05	EMB_prokbert_C06	31	41.0	-	-
tjupan_diphtheria_main_a1880163ae33fd31	EMB_prokbert_C05	EMB_prokbert_C17	31	41.0	-	-
tjupan_diphtheria_main_a1880163ae33fd31	EMB_prokbert_C05	EMB_prokbert_C19	32	42.0	-	+
tjupan_diphtheria_main_a1880163ae33fd31	EMB_prokbert_C06	EMB_prokbert_C17	-10	0.0	-	-
tjupan_diphtheria_main_a1880163ae33fd31	EMB_prokbert_C06	EMB_prokbert_C19	-9	1.0	-	+
tjupan_diphtheria_main_a1880163ae33fd31	EMB_prokbert_C17	EMB_prokbert_C19	-9	1.0	-	+
tjupan_diphtheria_main_a2a670ada0effe8a	EMB_prokbert_C23	EMB_prokbert_C11	-9	1.0	+	-
tjupan_diphtheria_main_a2a670ada0effe8a	EMB_prokbert_C23	EMB_prokbert_C14	-9	1.0	+	+
tjupan_diphtheria_main_a2a670ada0effe8a	EMB_prokbert_C23	EMB_prokbert_C04	-8	2.0	+	+
tjupan_diphtheria_main_a2a670ada0effe8a	EMB_prokbert_C23	EMB_prokbert_C13	-8	2.0	+	-
tjupan_diphtheria_main_a2a670ada0effe8a	EMB_prokbert_C11	EMB_prokbert_C14	-10	0.0	-	+
tjupan_diphtheria_main_a2a670ada0effe8a	EMB_prokbert_C11	EMB_prokbert_C04	-9	1.0	-	+
tjupan_diphtheria_main_a2a670ada0effe8a	EMB_prokbert_C11	EMB_prokbert_C13	-9	1.0	-	-
tjupan_diphtheria_main_a2a670ada0effe8a	EMB_prokbert_C14	EMB_prokbert_C04	-9	1.0	+	+
tjupan_diphtheria_main_a2a670ada0effe8a	EMB_prokbert_C14	EMB_prokbert_C13	-9	1.0	+	-
tjupan_diphtheria_main_a2a670ada0effe8a	EMB_prokbert_C04	EMB_prokbert_C13	-10	0.0	+	-
tjupan_diphtheria_main_a2dfe2133f219116	EMB_prokbert_C08	EMB_prokbert_C23	-8	2.0	-	-
tjupan_diphtheria_main_a2dfe2133f219116	EMB_prokbert_C08	EMB_prokbert_C04	-6	4.0	-	+
tjupan_diphtheria_main_a2dfe2133f219116	EMB_prokbert_C08	EMB_prokbert_C13	-6	4.0	-	-
tjupan_diphtheria_main_a2dfe2133f219116	EMB_prokbert_C08	EMB_prokbert_C14	-5	5.0	-	-
tjupan_diphtheria_main_a2dfe2133f219116	EMB_prokbert_C23	EMB_prokbert_C04	-8	2.0	-	+
tjupan_diphtheria_main_a2dfe2133f219116	EMB_prokbert_C23	EMB_prokbert_C13	-8	2.0	-	-
tjupan_diphtheria_main_a2dfe2133f219116	EMB_prokbert_C23	EMB_prokbert_C14	-7	3.0	-	-
tjupan_diphtheria_main_a2dfe2133f219116	EMB_prokbert_C04	EMB_prokbert_C13	-10	0.0	+	-
tjupan_diphtheria_main_a2dfe2133f219116	EMB_prokbert_C04	EMB_prokbert_C14	-9	1.0	+	-
tjupan_diphtheria_main_a2dfe2133f219116	EMB_prokbert_C13	EMB_prokbert_C14	-9	1.0	-	-
tjupan_diphtheria_main_a3903931be456866	EMB_prokbert_C13	EMB_prokbert_C19	40	50.0	+	-
tjupan_diphtheria_main_a3903931be456866	EMB_prokbert_C13	EMB_prokbert_C06	41	51.0	+	+
tjupan_diphtheria_main_a3903931be456866	EMB_prokbert_C19	EMB_prokbert_C06	-9	1.0	-	+
tjupan_diphtheria_main_a6cceffb70e6ab9e	EMB_prokbert_C04	EMB_prokbert_C14	-10	0.0	+	-
tjupan_diphtheria_main_a6cceffb70e6ab9e	EMB_prokbert_C04	EMB_prokbert_C23	-10	0.0	+	-
tjupan_diphtheria_main_a6cceffb70e6ab9e	EMB_prokbert_C14	EMB_prokbert_C23	-10	0.0	-	-
tjupan_diphtheria_main_a842a9e5654d7f48	EMB_prokbert_C13	EMB_prokbert_C21	-9	1.0	-	+
tjupan_diphtheria_main_a842a9e5654d7f48	EMB_prokbert_C13	EMB_prokbert_C14	-7	3.0	-	-
tjupan_diphtheria_main_a842a9e5654d7f48	EMB_prokbert_C13	EMB_prokbert_C08	-6	4.0	-	-
tjupan_diphtheria_main_a842a9e5654d7f48	EMB_prokbert_C13	EMB_prokbert_C11	-6	4.0	-	+
tjupan_diphtheria_main_a842a9e5654d7f48	EMB_prokbert_C13	EMB_prokbert_C04	-4	6.0	-	+
tjupan_diphtheria_main_a842a9e5654d7f48	EMB_prokbert_C13	EMB_prokbert_C23	-4	6.0	-	-
tjupan_diphtheria_main_a842a9e5654d7f48	EMB_prokbert_C21	EMB_prokbert_C14	-8	2.0	+	-
tjupan_diphtheria_main_a842a9e5654d7f48	EMB_prokbert_C21	EMB_prokbert_C08	-7	3.0	+	-
tjupan_diphtheria_main_a842a9e5654d7f48	EMB_prokbert_C21	EMB_prokbert_C11	-7	3.0	+	+
tjupan_diphtheria_main_a842a9e5654d7f48	EMB_prokbert_C21	EMB_prokbert_C04	-5	5.0	+	+
tjupan_diphtheria_main_a842a9e5654d7f48	EMB_prokbert_C21	EMB_prokbert_C23	-5	5.0	+	-
tjupan_diphtheria_main_a842a9e5654d7f48	EMB_prokbert_C14	EMB_prokbert_C08	-9	1.0	-	-
tjupan_diphtheria_main_a842a9e5654d7f48	EMB_prokbert_C14	EMB_prokbert_C11	-9	1.0	-	+
tjupan_diphtheria_main_a842a9e5654d7f48	EMB_prokbert_C14	EMB_prokbert_C04	-7	3.0	-	+
tjupan_diphtheria_main_a842a9e5654d7f48	EMB_prokbert_C14	EMB_prokbert_C23	-7	3.0	-	-
tjupan_diphtheria_main_a842a9e5654d7f48	EMB_prokbert_C08	EMB_prokbert_C11	-10	0.0	-	+
tjupan_diphtheria_main_a842a9e5654d7f48	EMB_prokbert_C08	EMB_prokbert_C04	-8	2.0	-	+
tjupan_diphtheria_main_a842a9e5654d7f48	EMB_prokbert_C08	EMB_prokbert_C23	-8	2.0	-	-
tjupan_diphtheria_main_a842a9e5654d7f48	EMB_prokbert_C11	EMB_prokbert_C04	-8	2.0	+	+
tjupan_diphtheria_main_a842a9e5654d7f48	EMB_prokbert_C11	EMB_prokbert_C23	-8	2.0	+	-
tjupan_diphtheria_main_a842a9e5654d7f48	EMB_prokbert_C04	EMB_prokbert_C23	-10	0.0	+	-
tjupan_diphtheria_main_ab13c64ecfc7926b	EMB_prokbert_C13	EMB_prokbert_C14	17	27.0	-	+
tjupan_diphtheria_main_ab13c64ecfc7926b	EMB_prokbert_C13	EMB_prokbert_C04	22	32.0	-	+
tjupan_diphtheria_main_ab13c64ecfc7926b	EMB_prokbert_C13	EMB_prokbert_C08	22	32.0	-	+
tjupan_diphtheria_main_ab13c64ecfc7926b	EMB_prokbert_C13	EMB_prokbert_C11	22	32.0	-	-
tjupan_diphtheria_main_ab13c64ecfc7926b	EMB_prokbert_C13	EMB_prokbert_C23	22	32.0	-	+
tjupan_diphtheria_main_ab13c64ecfc7926b	EMB_prokbert_C13	EMB_prokbert_C16	23	33.0	-	+
tjupan_diphtheria_main_ab13c64ecfc7926b	EMB_prokbert_C13	EMB_prokbert_C01	25	35.0	-	-
tjupan_diphtheria_main_ab13c64ecfc7926b	EMB_prokbert_C13	EMB_prokbert_C06	25	35.0	-	+
tjupan_diphtheria_main_ab13c64ecfc7926b	EMB_prokbert_C13	EMB_prokbert_C09	25	35.0	-	-
tjupan_diphtheria_main_ab13c64ecfc7926b	EMB_prokbert_C13	EMB_prokbert_C05	27	37.0	-	+
tjupan_diphtheria_main_ab13c64ecfc7926b	EMB_prokbert_C13	EMB_prokbert_C21	27	37.0	-	-
tjupan_diphtheria_main_ab13c64ecfc7926b	EMB_prokbert_C14	EMB_prokbert_C04	-5	5.0	+	+
tjupan_diphtheria_main_ab13c64ecfc7926b	EMB_prokbert_C14	EMB_prokbert_C08	-5	5.0	+	+
tjupan_diphtheria_main_ab13c64ecfc7926b	EMB_prokbert_C14	EMB_prokbert_C11	-5	5.0	+	-
tjupan_diphtheria_main_ab13c64ecfc7926b	EMB_prokbert_C14	EMB_prokbert_C23	-5	5.0	+	+
tjupan_diphtheria_main_ab13c64ecfc7926b	EMB_prokbert_C14	EMB_prokbert_C16	-4	6.0	+	+
tjupan_diphtheria_main_ab13c64ecfc7926b	EMB_prokbert_C14	EMB_prokbert_C01	-2	8.0	+	-
tjupan_diphtheria_main_ab13c64ecfc7926b	EMB_prokbert_C14	EMB_prokbert_C06	-2	8.0	+	+
tjupan_diphtheria_main_ab13c64ecfc7926b	EMB_prokbert_C14	EMB_prokbert_C09	-2	8.0	+	-
tjupan_diphtheria_main_ab13c64ecfc7926b	EMB_prokbert_C14	EMB_prokbert_C05	0	10.0	+	+
tjupan_diphtheria_main_ab13c64ecfc7926b	EMB_prokbert_C14	EMB_prokbert_C21	0	10.0	+	-
tjupan_diphtheria_main_ab13c64ecfc7926b	EMB_prokbert_C04	EMB_prokbert_C08	-10	0.0	+	+
tjupan_diphtheria_main_ab13c64ecfc7926b	EMB_prokbert_C04	EMB_prokbert_C11	-10	0.0	+	-
tjupan_diphtheria_main_ab13c64ecfc7926b	EMB_prokbert_C04	EMB_prokbert_C23	-10	0.0	+	+
tjupan_diphtheria_main_ab13c64ecfc7926b	EMB_prokbert_C04	EMB_prokbert_C16	-9	1.0	+	+
tjupan_diphtheria_main_ab13c64ecfc7926b	EMB_prokbert_C04	EMB_prokbert_C01	-7	3.0	+	-
tjupan_diphtheria_main_ab13c64ecfc7926b	EMB_prokbert_C04	EMB_prokbert_C06	-7	3.0	+	+
tjupan_diphtheria_main_ab13c64ecfc7926b	EMB_prokbert_C04	EMB_prokbert_C09	-7	3.0	+	-
tjupan_diphtheria_main_ab13c64ecfc7926b	EMB_prokbert_C04	EMB_prokbert_C05	-5	5.0	+	+
tjupan_diphtheria_main_ab13c64ecfc7926b	EMB_prokbert_C04	EMB_prokbert_C21	-5	5.0	+	-
tjupan_diphtheria_main_ab13c64ecfc7926b	EMB_prokbert_C08	EMB_prokbert_C11	-10	0.0	+	-
tjupan_diphtheria_main_ab13c64ecfc7926b	EMB_prokbert_C08	EMB_prokbert_C23	-10	0.0	+	+
tjupan_diphtheria_main_ab13c64ecfc7926b	EMB_prokbert_C08	EMB_prokbert_C16	-9	1.0	+	+
tjupan_diphtheria_main_ab13c64ecfc7926b	EMB_prokbert_C08	EMB_prokbert_C01	-7	3.0	+	-
tjupan_diphtheria_main_ab13c64ecfc7926b	EMB_prokbert_C08	EMB_prokbert_C06	-7	3.0	+	+
tjupan_diphtheria_main_ab13c64ecfc7926b	EMB_prokbert_C08	EMB_prokbert_C09	-7	3.0	+	-
tjupan_diphtheria_main_ab13c64ecfc7926b	EMB_prokbert_C08	EMB_prokbert_C05	-5	5.0	+	+
tjupan_diphtheria_main_ab13c64ecfc7926b	EMB_prokbert_C08	EMB_prokbert_C21	-5	5.0	+	-
tjupan_diphtheria_main_ab13c64ecfc7926b	EMB_prokbert_C11	EMB_prokbert_C23	-10	0.0	-	+
tjupan_diphtheria_main_ab13c64ecfc7926b	EMB_prokbert_C11	EMB_prokbert_C16	-9	1.0	-	+
tjupan_diphtheria_main_ab13c64ecfc7926b	EMB_prokbert_C11	EMB_prokbert_C01	-7	3.0	-	-
tjupan_diphtheria_main_ab13c64ecfc7926b	EMB_prokbert_C11	EMB_prokbert_C06	-7	3.0	-	+
tjupan_diphtheria_main_ab13c64ecfc7926b	EMB_prokbert_C11	EMB_prokbert_C09	-7	3.0	-	-
tjupan_diphtheria_main_ab13c64ecfc7926b	EMB_prokbert_C11	EMB_prokbert_C05	-5	5.0	-	+
tjupan_diphtheria_main_ab13c64ecfc7926b	EMB_prokbert_C11	EMB_prokbert_C21	-5	5.0	-	-
tjupan_diphtheria_main_ab13c64ecfc7926b	EMB_prokbert_C23	EMB_prokbert_C16	-9	1.0	+	+
tjupan_diphtheria_main_ab13c64ecfc7926b	EMB_prokbert_C23	EMB_prokbert_C01	-7	3.0	+	-
tjupan_diphtheria_main_ab13c64ecfc7926b	EMB_prokbert_C23	EMB_prokbert_C06	-7	3.0	+	+
tjupan_diphtheria_main_ab13c64ecfc7926b	EMB_prokbert_C23	EMB_prokbert_C09	-7	3.0	+	-
tjupan_diphtheria_main_ab13c64ecfc7926b	EMB_prokbert_C23	EMB_prokbert_C05	-5	5.0	+	+
tjupan_diphtheria_main_ab13c64ecfc7926b	EMB_prokbert_C23	EMB_prokbert_C21	-5	5.0	+	-
tjupan_diphtheria_main_ab13c64ecfc7926b	EMB_prokbert_C16	EMB_prokbert_C01	-8	2.0	+	-
tjupan_diphtheria_main_ab13c64ecfc7926b	EMB_prokbert_C16	EMB_prokbert_C06	-8	2.0	+	+
tjupan_diphtheria_main_ab13c64ecfc7926b	EMB_prokbert_C16	EMB_prokbert_C09	-8	2.0	+	-
tjupan_diphtheria_main_ab13c64ecfc7926b	EMB_prokbert_C16	EMB_prokbert_C05	-6	4.0	+	+
tjupan_diphtheria_main_ab13c64ecfc7926b	EMB_prokbert_C16	EMB_prokbert_C21	-6	4.0	+	-
tjupan_diphtheria_main_ab13c64ecfc7926b	EMB_prokbert_C01	EMB_prokbert_C06	-10	0.0	-	+
tjupan_diphtheria_main_ab13c64ecfc7926b	EMB_prokbert_C01	EMB_prokbert_C09	-10	0.0	-	-
tjupan_diphtheria_main_ab13c64ecfc7926b	EMB_prokbert_C01	EMB_prokbert_C05	-8	2.0	-	+
tjupan_diphtheria_main_ab13c64ecfc7926b	EMB_prokbert_C01	EMB_prokbert_C21	-8	2.0	-	-
tjupan_diphtheria_main_ab13c64ecfc7926b	EMB_prokbert_C06	EMB_prokbert_C09	-10	0.0	+	-
tjupan_diphtheria_main_ab13c64ecfc7926b	EMB_prokbert_C06	EMB_prokbert_C05	-8	2.0	+	+
tjupan_diphtheria_main_ab13c64ecfc7926b	EMB_prokbert_C06	EMB_prokbert_C21	-8	2.0	+	-
tjupan_diphtheria_main_ab13c64ecfc7926b	EMB_prokbert_C09	EMB_prokbert_C05	-8	2.0	-	+
tjupan_diphtheria_main_ab13c64ecfc7926b	EMB_prokbert_C09	EMB_prokbert_C21	-8	2.0	-	-
tjupan_diphtheria_main_ab13c64ecfc7926b	EMB_prokbert_C05	EMB_prokbert_C21	-10	0.0	+	-
tjupan_diphtheria_main_b0f01afb1e4e56e9	EMB_prokbert_C04	EMB_prokbert_C14	-10	0.0	-	-
tjupan_diphtheria_main_b0f01afb1e4e56e9	EMB_prokbert_C04	EMB_prokbert_C23	-9	1.0	-	+
tjupan_diphtheria_main_b0f01afb1e4e56e9	EMB_prokbert_C04	EMB_prokbert_C05	-5	5.0	-	+
tjupan_diphtheria_main_b0f01afb1e4e56e9	EMB_prokbert_C04	EMB_prokbert_C13	47	57.0	-	-
tjupan_diphtheria_main_b0f01afb1e4e56e9	EMB_prokbert_C14	EMB_prokbert_C23	-9	1.0	-	+
tjupan_diphtheria_main_b0f01afb1e4e56e9	EMB_prokbert_C14	EMB_prokbert_C05	-5	5.0	-	+
tjupan_diphtheria_main_b0f01afb1e4e56e9	EMB_prokbert_C14	EMB_prokbert_C13	47	57.0	-	-
tjupan_diphtheria_main_b0f01afb1e4e56e9	EMB_prokbert_C23	EMB_prokbert_C05	-6	4.0	+	+
tjupan_diphtheria_main_b0f01afb1e4e56e9	EMB_prokbert_C23	EMB_prokbert_C13	46	56.0	+	-
tjupan_diphtheria_main_b0f01afb1e4e56e9	EMB_prokbert_C05	EMB_prokbert_C13	42	52.0	+	-
tjupan_diphtheria_main_b43c40fc65cdd61a	EMB_prokbert_C15	EMB_prokbert_C20	-10	0.0	+	+
tjupan_diphtheria_main_b5db1f94d08371df	EMB_prokbert_C06	EMB_prokbert_C08	-9	1.0	+	+
tjupan_diphtheria_main_b5db1f94d08371df	EMB_prokbert_C06	EMB_prokbert_C11	-9	1.0	+	-
tjupan_diphtheria_main_b5db1f94d08371df	EMB_prokbert_C06	EMB_prokbert_C16	-9	1.0	+	+
tjupan_diphtheria_main_b5db1f94d08371df	EMB_prokbert_C06	EMB_prokbert_C17	-9	1.0	+	+
tjupan_diphtheria_main_b5db1f94d08371df	EMB_prokbert_C06	EMB_prokbert_C19	-9	1.0	+	-
tjupan_diphtheria_main_b5db1f94d08371df	EMB_prokbert_C08	EMB_prokbert_C11	-10	0.0	+	-
tjupan_diphtheria_main_b5db1f94d08371df	EMB_prokbert_C08	EMB_prokbert_C16	-10	0.0	+	+
tjupan_diphtheria_main_b5db1f94d08371df	EMB_prokbert_C08	EMB_prokbert_C17	-10	0.0	+	+
tjupan_diphtheria_main_b5db1f94d08371df	EMB_prokbert_C08	EMB_prokbert_C19	-10	0.0	+	-
tjupan_diphtheria_main_b5db1f94d08371df	EMB_prokbert_C11	EMB_prokbert_C16	-10	0.0	-	+
tjupan_diphtheria_main_b5db1f94d08371df	EMB_prokbert_C11	EMB_prokbert_C17	-10	0.0	-	+
tjupan_diphtheria_main_b5db1f94d08371df	EMB_prokbert_C11	EMB_prokbert_C19	-10	0.0	-	-
tjupan_diphtheria_main_b5db1f94d08371df	EMB_prokbert_C16	EMB_prokbert_C17	-10	0.0	+	+
tjupan_diphtheria_main_b5db1f94d08371df	EMB_prokbert_C16	EMB_prokbert_C19	-10	0.0	+	-
tjupan_diphtheria_main_b5db1f94d08371df	EMB_prokbert_C17	EMB_prokbert_C19	-10	0.0	+	-
tjupan_diphtheria_main_b6e93f9e43a45020	EMB_prokbert_C20	EMB_prokbert_C22	-10	0.0	+	-
tjupan_diphtheria_main_b6e93f9e43a45020	EMB_prokbert_C20	EMB_prokbert_C09	-9	1.0	+	+
tjupan_diphtheria_main_b6e93f9e43a45020	EMB_prokbert_C20	EMB_prokbert_C01	-8	2.0	+	+
tjupan_diphtheria_main_b6e93f9e43a45020	EMB_prokbert_C20	EMB_prokbert_C23	38	48.0	+	-
tjupan_diphtheria_main_b6e93f9e43a45020	EMB_prokbert_C22	EMB_prokbert_C09	-9	1.0	-	+
tjupan_diphtheria_main_b6e93f9e43a45020	EMB_prokbert_C22	EMB_prokbert_C01	-8	2.0	-	+
tjupan_diphtheria_main_b6e93f9e43a45020	EMB_prokbert_C22	EMB_prokbert_C23	38	48.0	-	-
tjupan_diphtheria_main_b6e93f9e43a45020	EMB_prokbert_C09	EMB_prokbert_C01	-9	1.0	+	+
tjupan_diphtheria_main_b6e93f9e43a45020	EMB_prokbert_C09	EMB_prokbert_C23	37	47.0	+	-
tjupan_diphtheria_main_b6e93f9e43a45020	EMB_prokbert_C01	EMB_prokbert_C23	36	46.0	+	-
tjupan_diphtheria_main_b709bd107f29fbd3	EMB_prokbert_C04	EMB_prokbert_C14	-9	1.0	+	-
tjupan_diphtheria_main_b709bd107f29fbd3	EMB_prokbert_C04	EMB_prokbert_C23	-9	1.0	+	-
tjupan_diphtheria_main_b709bd107f29fbd3	EMB_prokbert_C04	EMB_prokbert_C00	44	54.0	+	+
tjupan_diphtheria_main_b709bd107f29fbd3	EMB_prokbert_C04	EMB_prokbert_C17	44	54.0	+	-
tjupan_diphtheria_main_b709bd107f29fbd3	EMB_prokbert_C04	EMB_prokbert_C19	44	54.0	+	+
tjupan_diphtheria_main_b709bd107f29fbd3	EMB_prokbert_C14	EMB_prokbert_C23	-10	0.0	-	-
tjupan_diphtheria_main_b709bd107f29fbd3	EMB_prokbert_C14	EMB_prokbert_C00	43	53.0	-	+
tjupan_diphtheria_main_b709bd107f29fbd3	EMB_prokbert_C14	EMB_prokbert_C17	43	53.0	-	-
tjupan_diphtheria_main_b709bd107f29fbd3	EMB_prokbert_C14	EMB_prokbert_C19	43	53.0	-	+
tjupan_diphtheria_main_b709bd107f29fbd3	EMB_prokbert_C23	EMB_prokbert_C00	43	53.0	-	+
tjupan_diphtheria_main_b709bd107f29fbd3	EMB_prokbert_C23	EMB_prokbert_C17	43	53.0	-	-
tjupan_diphtheria_main_b709bd107f29fbd3	EMB_prokbert_C23	EMB_prokbert_C19	43	53.0	-	+
tjupan_diphtheria_main_b709bd107f29fbd3	EMB_prokbert_C00	EMB_prokbert_C17	-10	0.0	+	-
tjupan_diphtheria_main_b709bd107f29fbd3	EMB_prokbert_C00	EMB_prokbert_C19	-10	0.0	+	+
tjupan_diphtheria_main_b709bd107f29fbd3	EMB_prokbert_C17	EMB_prokbert_C19	-10	0.0	-	+
tjupan_diphtheria_main_b909aefdfebb6b46	EMB_prokbert_C11	EMB_prokbert_C13	-10	0.0	-	+
tjupan_diphtheria_main_b909aefdfebb6b46	EMB_prokbert_C11	EMB_prokbert_C04	-9	1.0	-	+
tjupan_diphtheria_main_b909aefdfebb6b46	EMB_prokbert_C11	EMB_prokbert_C14	-9	1.0	-	-
tjupan_diphtheria_main_b909aefdfebb6b46	EMB_prokbert_C11	EMB_prokbert_C23	-9	1.0	-	+
tjupan_diphtheria_main_b909aefdfebb6b46	EMB_prokbert_C13	EMB_prokbert_C04	-9	1.0	+	+
tjupan_diphtheria_main_b909aefdfebb6b46	EMB_prokbert_C13	EMB_prokbert_C14	-9	1.0	+	-
tjupan_diphtheria_main_b909aefdfebb6b46	EMB_prokbert_C13	EMB_prokbert_C23	-9	1.0	+	+
tjupan_diphtheria_main_b909aefdfebb6b46	EMB_prokbert_C04	EMB_prokbert_C14	-10	0.0	+	-
tjupan_diphtheria_main_b909aefdfebb6b46	EMB_prokbert_C04	EMB_prokbert_C23	-10	0.0	+	+
tjupan_diphtheria_main_b909aefdfebb6b46	EMB_prokbert_C14	EMB_prokbert_C23	-10	0.0	-	+
tjupan_diphtheria_main_c3527361eb9ec334	EMB_prokbert_C15	EMB_prokbert_C10	10	20.0	-	-
tjupan_diphtheria_main_c8d14f5606fdc7e4	EMB_prokbert_C16	EMB_prokbert_C19	-10	0.0	+	-
tjupan_diphtheria_main_c8d14f5606fdc7e4	EMB_prokbert_C16	EMB_prokbert_C17	-9	1.0	+	+
tjupan_diphtheria_main_c8d14f5606fdc7e4	EMB_prokbert_C19	EMB_prokbert_C17	-9	1.0	-	+
tjupan_diphtheria_main_cb5f8c38ab8a3920	EMB_prokbert_C00	EMB_prokbert_C17	-10	0.0	+	-
tjupan_diphtheria_main_cb5f8c38ab8a3920	EMB_prokbert_C00	EMB_prokbert_C19	-10	0.0	+	+
tjupan_diphtheria_main_cb5f8c38ab8a3920	EMB_prokbert_C00	EMB_prokbert_C08	2	12.0	+	+
tjupan_diphtheria_main_cb5f8c38ab8a3920	EMB_prokbert_C00	EMB_prokbert_C16	2	12.0	+	+
tjupan_diphtheria_main_cb5f8c38ab8a3920	EMB_prokbert_C00	EMB_prokbert_C01	3	13.0	+	-
tjupan_diphtheria_main_cb5f8c38ab8a3920	EMB_prokbert_C00	EMB_prokbert_C05	3	13.0	+	+
tjupan_diphtheria_main_cb5f8c38ab8a3920	EMB_prokbert_C00	EMB_prokbert_C22	3	13.0	+	+
tjupan_diphtheria_main_cb5f8c38ab8a3920	EMB_prokbert_C00	EMB_prokbert_C09	4	14.0	+	-
tjupan_diphtheria_main_cb5f8c38ab8a3920	EMB_prokbert_C00	EMB_prokbert_C21	4	14.0	+	-
tjupan_diphtheria_main_cb5f8c38ab8a3920	EMB_prokbert_C17	EMB_prokbert_C19	-10	0.0	-	+
tjupan_diphtheria_main_cb5f8c38ab8a3920	EMB_prokbert_C17	EMB_prokbert_C08	2	12.0	-	+
tjupan_diphtheria_main_cb5f8c38ab8a3920	EMB_prokbert_C17	EMB_prokbert_C16	2	12.0	-	+
tjupan_diphtheria_main_cb5f8c38ab8a3920	EMB_prokbert_C17	EMB_prokbert_C01	3	13.0	-	-
tjupan_diphtheria_main_cb5f8c38ab8a3920	EMB_prokbert_C17	EMB_prokbert_C05	3	13.0	-	+
tjupan_diphtheria_main_cb5f8c38ab8a3920	EMB_prokbert_C17	EMB_prokbert_C22	3	13.0	-	+
tjupan_diphtheria_main_cb5f8c38ab8a3920	EMB_prokbert_C17	EMB_prokbert_C09	4	14.0	-	-
tjupan_diphtheria_main_cb5f8c38ab8a3920	EMB_prokbert_C17	EMB_prokbert_C21	4	14.0	-	-
tjupan_diphtheria_main_cb5f8c38ab8a3920	EMB_prokbert_C19	EMB_prokbert_C08	2	12.0	+	+
tjupan_diphtheria_main_cb5f8c38ab8a3920	EMB_prokbert_C19	EMB_prokbert_C16	2	12.0	+	+
tjupan_diphtheria_main_cb5f8c38ab8a3920	EMB_prokbert_C19	EMB_prokbert_C01	3	13.0	+	-
tjupan_diphtheria_main_cb5f8c38ab8a3920	EMB_prokbert_C19	EMB_prokbert_C05	3	13.0	+	+
tjupan_diphtheria_main_cb5f8c38ab8a3920	EMB_prokbert_C19	EMB_prokbert_C22	3	13.0	+	+
tjupan_diphtheria_main_cb5f8c38ab8a3920	EMB_prokbert_C19	EMB_prokbert_C09	4	14.0	+	-
tjupan_diphtheria_main_cb5f8c38ab8a3920	EMB_prokbert_C19	EMB_prokbert_C21	4	14.0	+	-
tjupan_diphtheria_main_cb5f8c38ab8a3920	EMB_prokbert_C08	EMB_prokbert_C16	-10	0.0	+	+
tjupan_diphtheria_main_cb5f8c38ab8a3920	EMB_prokbert_C08	EMB_prokbert_C01	-9	1.0	+	-
tjupan_diphtheria_main_cb5f8c38ab8a3920	EMB_prokbert_C08	EMB_prokbert_C05	-9	1.0	+	+
tjupan_diphtheria_main_cb5f8c38ab8a3920	EMB_prokbert_C08	EMB_prokbert_C22	-9	1.0	+	+
tjupan_diphtheria_main_cb5f8c38ab8a3920	EMB_prokbert_C08	EMB_prokbert_C09	-8	2.0	+	-
tjupan_diphtheria_main_cb5f8c38ab8a3920	EMB_prokbert_C08	EMB_prokbert_C21	-8	2.0	+	-
tjupan_diphtheria_main_cb5f8c38ab8a3920	EMB_prokbert_C16	EMB_prokbert_C01	-9	1.0	+	-
tjupan_diphtheria_main_cb5f8c38ab8a3920	EMB_prokbert_C16	EMB_prokbert_C05	-9	1.0	+	+
tjupan_diphtheria_main_cb5f8c38ab8a3920	EMB_prokbert_C16	EMB_prokbert_C22	-9	1.0	+	+
tjupan_diphtheria_main_cb5f8c38ab8a3920	EMB_prokbert_C16	EMB_prokbert_C09	-8	2.0	+	-
tjupan_diphtheria_main_cb5f8c38ab8a3920	EMB_prokbert_C16	EMB_prokbert_C21	-8	2.0	+	-
tjupan_diphtheria_main_cb5f8c38ab8a3920	EMB_prokbert_C01	EMB_prokbert_C05	-10	0.0	-	+
tjupan_diphtheria_main_cb5f8c38ab8a3920	EMB_prokbert_C01	EMB_prokbert_C22	-10	0.0	-	+
tjupan_diphtheria_main_cb5f8c38ab8a3920	EMB_prokbert_C01	EMB_prokbert_C09	-9	1.0	-	-
tjupan_diphtheria_main_cb5f8c38ab8a3920	EMB_prokbert_C01	EMB_prokbert_C21	-9	1.0	-	-
tjupan_diphtheria_main_cb5f8c38ab8a3920	EMB_prokbert_C05	EMB_prokbert_C22	-10	0.0	+	+
tjupan_diphtheria_main_cb5f8c38ab8a3920	EMB_prokbert_C05	EMB_prokbert_C09	-9	1.0	+	-
tjupan_diphtheria_main_cb5f8c38ab8a3920	EMB_prokbert_C05	EMB_prokbert_C21	-9	1.0	+	-
tjupan_diphtheria_main_cb5f8c38ab8a3920	EMB_prokbert_C22	EMB_prokbert_C09	-9	1.0	+	-
tjupan_diphtheria_main_cb5f8c38ab8a3920	EMB_prokbert_C22	EMB_prokbert_C21	-9	1.0	+	-
tjupan_diphtheria_main_cb5f8c38ab8a3920	EMB_prokbert_C09	EMB_prokbert_C21	-10	0.0	-	-
tjupan_diphtheria_main_cd8b0d1ea21e60c2	EMB_prokbert_C22	EMB_prokbert_C15	-7	3.0	-	+
tjupan_diphtheria_main_cd8b0d1ea21e60c2	EMB_prokbert_C22	EMB_prokbert_C20	-7	3.0	-	+
tjupan_diphtheria_main_cd8b0d1ea21e60c2	EMB_prokbert_C15	EMB_prokbert_C20	-10	0.0	+	+
tjupan_diphtheria_main_d4aad7c87e0c0eaa	EMB_prokbert_C01	EMB_prokbert_C08	-10	0.0	-	+
tjupan_diphtheria_main_d4aad7c87e0c0eaa	EMB_prokbert_C01	EMB_prokbert_C16	-10	0.0	-	+
tjupan_diphtheria_main_d4aad7c87e0c0eaa	EMB_prokbert_C01	EMB_prokbert_C05	-8	2.0	-	+
tjupan_diphtheria_main_d4aad7c87e0c0eaa	EMB_prokbert_C01	EMB_prokbert_C09	-8	2.0	-	-
tjupan_diphtheria_main_d4aad7c87e0c0eaa	EMB_prokbert_C01	EMB_prokbert_C22	-8	2.0	-	+
tjupan_diphtheria_main_d4aad7c87e0c0eaa	EMB_prokbert_C01	EMB_prokbert_C21	-5	5.0	-	-
tjupan_diphtheria_main_d4aad7c87e0c0eaa	EMB_prokbert_C08	EMB_prokbert_C16	-10	0.0	+	+
tjupan_diphtheria_main_d4aad7c87e0c0eaa	EMB_prokbert_C08	EMB_prokbert_C05	-8	2.0	+	+
tjupan_diphtheria_main_d4aad7c87e0c0eaa	EMB_prokbert_C08	EMB_prokbert_C09	-8	2.0	+	-
tjupan_diphtheria_main_d4aad7c87e0c0eaa	EMB_prokbert_C08	EMB_prokbert_C22	-8	2.0	+	+
tjupan_diphtheria_main_d4aad7c87e0c0eaa	EMB_prokbert_C08	EMB_prokbert_C21	-5	5.0	+	-
tjupan_diphtheria_main_d4aad7c87e0c0eaa	EMB_prokbert_C16	EMB_prokbert_C05	-8	2.0	+	+
tjupan_diphtheria_main_d4aad7c87e0c0eaa	EMB_prokbert_C16	EMB_prokbert_C09	-8	2.0	+	-
tjupan_diphtheria_main_d4aad7c87e0c0eaa	EMB_prokbert_C16	EMB_prokbert_C22	-8	2.0	+	+
tjupan_diphtheria_main_d4aad7c87e0c0eaa	EMB_prokbert_C16	EMB_prokbert_C21	-5	5.0	+	-
tjupan_diphtheria_main_d4aad7c87e0c0eaa	EMB_prokbert_C05	EMB_prokbert_C09	-10	0.0	+	-
tjupan_diphtheria_main_d4aad7c87e0c0eaa	EMB_prokbert_C05	EMB_prokbert_C22	-10	0.0	+	+
tjupan_diphtheria_main_d4aad7c87e0c0eaa	EMB_prokbert_C05	EMB_prokbert_C21	-7	3.0	+	-
tjupan_diphtheria_main_d4aad7c87e0c0eaa	EMB_prokbert_C09	EMB_prokbert_C22	-10	0.0	-	+
tjupan_diphtheria_main_d4aad7c87e0c0eaa	EMB_prokbert_C09	EMB_prokbert_C21	-7	3.0	-	-
tjupan_diphtheria_main_d4aad7c87e0c0eaa	EMB_prokbert_C22	EMB_prokbert_C21	-7	3.0	+	-
tjupan_diphtheria_main_d81d97fa69d410f9	EMB_prokbert_C13	EMB_prokbert_C14	-5	5.0	+	+
tjupan_diphtheria_main_d9d99b109a1169d4	EMB_prokbert_C08	EMB_prokbert_C01	-9	1.0	-	+
tjupan_diphtheria_main_d9d99b109a1169d4	EMB_prokbert_C08	EMB_prokbert_C00	32	42.0	-	-
tjupan_diphtheria_main_d9d99b109a1169d4	EMB_prokbert_C08	EMB_prokbert_C06	32	42.0	-	+
tjupan_diphtheria_main_d9d99b109a1169d4	EMB_prokbert_C08	EMB_prokbert_C11	32	42.0	-	-
tjupan_diphtheria_main_d9d99b109a1169d4	EMB_prokbert_C08	EMB_prokbert_C16	32	42.0	-	+
tjupan_diphtheria_main_d9d99b109a1169d4	EMB_prokbert_C08	EMB_prokbert_C17	32	42.0	-	+
tjupan_diphtheria_main_d9d99b109a1169d4	EMB_prokbert_C08	EMB_prokbert_C19	32	42.0	-	-
tjupan_diphtheria_main_d9d99b109a1169d4	EMB_prokbert_C01	EMB_prokbert_C00	31	41.0	+	-
tjupan_diphtheria_main_d9d99b109a1169d4	EMB_prokbert_C01	EMB_prokbert_C06	31	41.0	+	+
tjupan_diphtheria_main_d9d99b109a1169d4	EMB_prokbert_C01	EMB_prokbert_C11	31	41.0	+	-
tjupan_diphtheria_main_d9d99b109a1169d4	EMB_prokbert_C01	EMB_prokbert_C16	31	41.0	+	+
tjupan_diphtheria_main_d9d99b109a1169d4	EMB_prokbert_C01	EMB_prokbert_C17	31	41.0	+	+
tjupan_diphtheria_main_d9d99b109a1169d4	EMB_prokbert_C01	EMB_prokbert_C19	31	41.0	+	-
tjupan_diphtheria_main_d9d99b109a1169d4	EMB_prokbert_C00	EMB_prokbert_C06	-10	0.0	-	+
tjupan_diphtheria_main_d9d99b109a1169d4	EMB_prokbert_C00	EMB_prokbert_C11	-10	0.0	-	-
tjupan_diphtheria_main_d9d99b109a1169d4	EMB_prokbert_C00	EMB_prokbert_C16	-10	0.0	-	+
tjupan_diphtheria_main_d9d99b109a1169d4	EMB_prokbert_C00	EMB_prokbert_C17	-10	0.0	-	+
tjupan_diphtheria_main_d9d99b109a1169d4	EMB_prokbert_C00	EMB_prokbert_C19	-10	0.0	-	-
tjupan_diphtheria_main_d9d99b109a1169d4	EMB_prokbert_C06	EMB_prokbert_C11	-10	0.0	+	-
tjupan_diphtheria_main_d9d99b109a1169d4	EMB_prokbert_C06	EMB_prokbert_C16	-10	0.0	+	+
tjupan_diphtheria_main_d9d99b109a1169d4	EMB_prokbert_C06	EMB_prokbert_C17	-10	0.0	+	+
tjupan_diphtheria_main_d9d99b109a1169d4	EMB_prokbert_C06	EMB_prokbert_C19	-10	0.0	+	-
tjupan_diphtheria_main_d9d99b109a1169d4	EMB_prokbert_C11	EMB_prokbert_C16	-10	0.0	-	+
tjupan_diphtheria_main_d9d99b109a1169d4	EMB_prokbert_C11	EMB_prokbert_C17	-10	0.0	-	+
tjupan_diphtheria_main_d9d99b109a1169d4	EMB_prokbert_C11	EMB_prokbert_C19	-10	0.0	-	-
tjupan_diphtheria_main_d9d99b109a1169d4	EMB_prokbert_C16	EMB_prokbert_C17	-10	0.0	+	+
tjupan_diphtheria_main_d9d99b109a1169d4	EMB_prokbert_C16	EMB_prokbert_C19	-10	0.0	+	-
tjupan_diphtheria_main_d9d99b109a1169d4	EMB_prokbert_C17	EMB_prokbert_C19	-10	0.0	+	-
tjupan_diphtheria_main_e151aeaeeb3bd0d3	EMB_prokbert_C05	EMB_prokbert_C09	-10	0.0	+	-
tjupan_diphtheria_main_e33ac323a2e62ce0	EMB_prokbert_C01	EMB_prokbert_C22	-10	0.0	-	+
tjupan_diphtheria_main_e36ef85ed9f12877	EMB_prokbert_C12	EMB_prokbert_C00	22	32.0	-	-
tjupan_diphtheria_main_e36ef85ed9f12877	EMB_prokbert_C12	EMB_prokbert_C17	24	34.0	-	+
tjupan_diphtheria_main_e36ef85ed9f12877	EMB_prokbert_C00	EMB_prokbert_C17	-8	2.0	-	+
tjupan_diphtheria_main_e501a8590f910b9c	EMB_prokbert_C20	EMB_prokbert_C22	-10	0.0	+	-
tjupan_diphtheria_main_ec8240c98d402c59	EMB_prokbert_C23	EMB_prokbert_C04	-9	1.0	+	-
tjupan_diphtheria_main_ec8240c98d402c59	EMB_prokbert_C23	EMB_prokbert_C08	-9	1.0	+	+
tjupan_diphtheria_main_ec8240c98d402c59	EMB_prokbert_C23	EMB_prokbert_C11	-9	1.0	+	-
tjupan_diphtheria_main_ec8240c98d402c59	EMB_prokbert_C23	EMB_prokbert_C00	23	33.0	+	+
tjupan_diphtheria_main_ec8240c98d402c59	EMB_prokbert_C23	EMB_prokbert_C02	25	35.0	+	+
tjupan_diphtheria_main_ec8240c98d402c59	EMB_prokbert_C23	EMB_prokbert_C15	26	36.0	+	-
tjupan_diphtheria_main_ec8240c98d402c59	EMB_prokbert_C04	EMB_prokbert_C08	-10	0.0	-	+
tjupan_diphtheria_main_ec8240c98d402c59	EMB_prokbert_C04	EMB_prokbert_C11	-10	0.0	-	-
tjupan_diphtheria_main_ec8240c98d402c59	EMB_prokbert_C04	EMB_prokbert_C00	22	32.0	-	+
tjupan_diphtheria_main_ec8240c98d402c59	EMB_prokbert_C04	EMB_prokbert_C02	24	34.0	-	+
tjupan_diphtheria_main_ec8240c98d402c59	EMB_prokbert_C04	EMB_prokbert_C15	25	35.0	-	-
tjupan_diphtheria_main_ec8240c98d402c59	EMB_prokbert_C08	EMB_prokbert_C11	-10	0.0	+	-
tjupan_diphtheria_main_ec8240c98d402c59	EMB_prokbert_C08	EMB_prokbert_C00	22	32.0	+	+
tjupan_diphtheria_main_ec8240c98d402c59	EMB_prokbert_C08	EMB_prokbert_C02	24	34.0	+	+
tjupan_diphtheria_main_ec8240c98d402c59	EMB_prokbert_C08	EMB_prokbert_C15	25	35.0	+	-
tjupan_diphtheria_main_ec8240c98d402c59	EMB_prokbert_C11	EMB_prokbert_C00	22	32.0	-	+
tjupan_diphtheria_main_ec8240c98d402c59	EMB_prokbert_C11	EMB_prokbert_C02	24	34.0	-	+
tjupan_diphtheria_main_ec8240c98d402c59	EMB_prokbert_C11	EMB_prokbert_C15	25	35.0	-	-
tjupan_diphtheria_main_ec8240c98d402c59	EMB_prokbert_C00	EMB_prokbert_C02	-8	2.0	+	+
tjupan_diphtheria_main_ec8240c98d402c59	EMB_prokbert_C00	EMB_prokbert_C15	-7	3.0	+	-
tjupan_diphtheria_main_ec8240c98d402c59	EMB_prokbert_C02	EMB_prokbert_C15	-9	1.0	+	-
tjupan_diphtheria_main_f1aa586d476c303b	EMB_prokbert_C16	EMB_prokbert_C21	-9	1.0	+	-
tjupan_diphtheria_main_f1aa586d476c303b	EMB_prokbert_C16	EMB_prokbert_C13	36	46.0	+	+
tjupan_diphtheria_main_f1aa586d476c303b	EMB_prokbert_C16	EMB_prokbert_C14	37	47.0	+	-
tjupan_diphtheria_main_f1aa586d476c303b	EMB_prokbert_C21	EMB_prokbert_C13	35	45.0	-	+
tjupan_diphtheria_main_f1aa586d476c303b	EMB_prokbert_C21	EMB_prokbert_C14	36	46.0	-	-
tjupan_diphtheria_main_f1aa586d476c303b	EMB_prokbert_C13	EMB_prokbert_C14	-9	1.0	+	-
tjupan_diphtheria_main_f55bfa46a035086c	EMB_prokbert_C16	EMB_prokbert_C01	-9	1.0	+	-
tjupan_diphtheria_main_f55bfa46a035086c	EMB_prokbert_C16	EMB_prokbert_C06	-9	1.0	+	+
tjupan_diphtheria_main_f55bfa46a035086c	EMB_prokbert_C16	EMB_prokbert_C08	-9	1.0	+	+
tjupan_diphtheria_main_f55bfa46a035086c	EMB_prokbert_C16	EMB_prokbert_C11	-9	1.0	+	-
tjupan_diphtheria_main_f55bfa46a035086c	EMB_prokbert_C16	EMB_prokbert_C21	-9	1.0	+	-
tjupan_diphtheria_main_f55bfa46a035086c	EMB_prokbert_C16	EMB_prokbert_C23	-9	1.0	+	+
tjupan_diphtheria_main_f55bfa46a035086c	EMB_prokbert_C16	EMB_prokbert_C05	-8	2.0	+	+
tjupan_diphtheria_main_f55bfa46a035086c	EMB_prokbert_C16	EMB_prokbert_C09	-7	3.0	+	-
tjupan_diphtheria_main_f55bfa46a035086c	EMB_prokbert_C16	EMB_prokbert_C00	25	35.0	+	+
tjupan_diphtheria_main_f55bfa46a035086c	EMB_prokbert_C01	EMB_prokbert_C06	-10	0.0	-	+
tjupan_diphtheria_main_f55bfa46a035086c	EMB_prokbert_C01	EMB_prokbert_C08	-10	0.0	-	+
tjupan_diphtheria_main_f55bfa46a035086c	EMB_prokbert_C01	EMB_prokbert_C11	-10	0.0	-	-
tjupan_diphtheria_main_f55bfa46a035086c	EMB_prokbert_C01	EMB_prokbert_C21	-10	0.0	-	-
tjupan_diphtheria_main_f55bfa46a035086c	EMB_prokbert_C01	EMB_prokbert_C23	-10	0.0	-	+
tjupan_diphtheria_main_f55bfa46a035086c	EMB_prokbert_C01	EMB_prokbert_C05	-9	1.0	-	+
tjupan_diphtheria_main_f55bfa46a035086c	EMB_prokbert_C01	EMB_prokbert_C09	-8	2.0	-	-
tjupan_diphtheria_main_f55bfa46a035086c	EMB_prokbert_C01	EMB_prokbert_C00	24	34.0	-	+
tjupan_diphtheria_main_f55bfa46a035086c	EMB_prokbert_C06	EMB_prokbert_C08	-10	0.0	+	+
tjupan_diphtheria_main_f55bfa46a035086c	EMB_prokbert_C06	EMB_prokbert_C11	-10	0.0	+	-
tjupan_diphtheria_main_f55bfa46a035086c	EMB_prokbert_C06	EMB_prokbert_C21	-10	0.0	+	-
tjupan_diphtheria_main_f55bfa46a035086c	EMB_prokbert_C06	EMB_prokbert_C23	-10	0.0	+	+
tjupan_diphtheria_main_f55bfa46a035086c	EMB_prokbert_C06	EMB_prokbert_C05	-9	1.0	+	+
tjupan_diphtheria_main_f55bfa46a035086c	EMB_prokbert_C06	EMB_prokbert_C09	-8	2.0	+	-
tjupan_diphtheria_main_f55bfa46a035086c	EMB_prokbert_C06	EMB_prokbert_C00	24	34.0	+	+
tjupan_diphtheria_main_f55bfa46a035086c	EMB_prokbert_C08	EMB_prokbert_C11	-10	0.0	+	-
tjupan_diphtheria_main_f55bfa46a035086c	EMB_prokbert_C08	EMB_prokbert_C21	-10	0.0	+	-
tjupan_diphtheria_main_f55bfa46a035086c	EMB_prokbert_C08	EMB_prokbert_C23	-10	0.0	+	+
tjupan_diphtheria_main_f55bfa46a035086c	EMB_prokbert_C08	EMB_prokbert_C05	-9	1.0	+	+
tjupan_diphtheria_main_f55bfa46a035086c	EMB_prokbert_C08	EMB_prokbert_C09	-8	2.0	+	-
tjupan_diphtheria_main_f55bfa46a035086c	EMB_prokbert_C08	EMB_prokbert_C00	24	34.0	+	+
tjupan_diphtheria_main_f55bfa46a035086c	EMB_prokbert_C11	EMB_prokbert_C21	-10	0.0	-	-
tjupan_diphtheria_main_f55bfa46a035086c	EMB_prokbert_C11	EMB_prokbert_C23	-10	0.0	-	+
tjupan_diphtheria_main_f55bfa46a035086c	EMB_prokbert_C11	EMB_prokbert_C05	-9	1.0	-	+
tjupan_diphtheria_main_f55bfa46a035086c	EMB_prokbert_C11	EMB_prokbert_C09	-8	2.0	-	-
tjupan_diphtheria_main_f55bfa46a035086c	EMB_prokbert_C11	EMB_prokbert_C00	24	34.0	-	+
tjupan_diphtheria_main_f55bfa46a035086c	EMB_prokbert_C21	EMB_prokbert_C23	-10	0.0	-	+
tjupan_diphtheria_main_f55bfa46a035086c	EMB_prokbert_C21	EMB_prokbert_C05	-9	1.0	-	+
tjupan_diphtheria_main_f55bfa46a035086c	EMB_prokbert_C21	EMB_prokbert_C09	-8	2.0	-	-
tjupan_diphtheria_main_f55bfa46a035086c	EMB_prokbert_C21	EMB_prokbert_C00	24	34.0	-	+
tjupan_diphtheria_main_f55bfa46a035086c	EMB_prokbert_C23	EMB_prokbert_C05	-9	1.0	+	+
tjupan_diphtheria_main_f55bfa46a035086c	EMB_prokbert_C23	EMB_prokbert_C09	-8	2.0	+	-
tjupan_diphtheria_main_f55bfa46a035086c	EMB_prokbert_C23	EMB_prokbert_C00	24	34.0	+	+
tjupan_diphtheria_main_f55bfa46a035086c	EMB_prokbert_C05	EMB_prokbert_C09	-9	1.0	+	-
tjupan_diphtheria_main_f55bfa46a035086c	EMB_prokbert_C05	EMB_prokbert_C00	23	33.0	+	+
tjupan_diphtheria_main_f55bfa46a035086c	EMB_prokbert_C09	EMB_prokbert_C00	22	32.0	-	+
tjupan_diphtheria_main_fdeba2126e0359e9	EMB_prokbert_C19	EMB_prokbert_C17	-9	1.0	-	+
tjupan_diphtheria_main_fdeba2126e0359e9	EMB_prokbert_C19	EMB_prokbert_C04	2	12.0	-	-
tjupan_diphtheria_main_fdeba2126e0359e9	EMB_prokbert_C19	EMB_prokbert_C08	2	12.0	-	+
tjupan_diphtheria_main_fdeba2126e0359e9	EMB_prokbert_C19	EMB_prokbert_C09	2	12.0	-	-
tjupan_diphtheria_main_fdeba2126e0359e9	EMB_prokbert_C19	EMB_prokbert_C13	2	12.0	-	+
tjupan_diphtheria_main_fdeba2126e0359e9	EMB_prokbert_C19	EMB_prokbert_C23	2	12.0	-	+
tjupan_diphtheria_main_fdeba2126e0359e9	EMB_prokbert_C19	EMB_prokbert_C11	3	13.0	-	-
tjupan_diphtheria_main_fdeba2126e0359e9	EMB_prokbert_C19	EMB_prokbert_C14	4	14.0	-	-
tjupan_diphtheria_main_fdeba2126e0359e9	EMB_prokbert_C17	EMB_prokbert_C04	1	11.0	+	-
tjupan_diphtheria_main_fdeba2126e0359e9	EMB_prokbert_C17	EMB_prokbert_C08	1	11.0	+	+
tjupan_diphtheria_main_fdeba2126e0359e9	EMB_prokbert_C17	EMB_prokbert_C09	1	11.0	+	-
tjupan_diphtheria_main_fdeba2126e0359e9	EMB_prokbert_C17	EMB_prokbert_C13	1	11.0	+	+
tjupan_diphtheria_main_fdeba2126e0359e9	EMB_prokbert_C17	EMB_prokbert_C23	1	11.0	+	+
tjupan_diphtheria_main_fdeba2126e0359e9	EMB_prokbert_C17	EMB_prokbert_C11	2	12.0	+	-
tjupan_diphtheria_main_fdeba2126e0359e9	EMB_prokbert_C17	EMB_prokbert_C14	3	13.0	+	-
tjupan_diphtheria_main_fdeba2126e0359e9	EMB_prokbert_C04	EMB_prokbert_C08	-10	0.0	-	+
tjupan_diphtheria_main_fdeba2126e0359e9	EMB_prokbert_C04	EMB_prokbert_C09	-10	0.0	-	-
tjupan_diphtheria_main_fdeba2126e0359e9	EMB_prokbert_C04	EMB_prokbert_C13	-10	0.0	-	+
tjupan_diphtheria_main_fdeba2126e0359e9	EMB_prokbert_C04	EMB_prokbert_C23	-10	0.0	-	+
tjupan_diphtheria_main_fdeba2126e0359e9	EMB_prokbert_C04	EMB_prokbert_C11	-9	1.0	-	-
tjupan_diphtheria_main_fdeba2126e0359e9	EMB_prokbert_C04	EMB_prokbert_C14	-8	2.0	-	-
tjupan_diphtheria_main_fdeba2126e0359e9	EMB_prokbert_C08	EMB_prokbert_C09	-10	0.0	+	-
tjupan_diphtheria_main_fdeba2126e0359e9	EMB_prokbert_C08	EMB_prokbert_C13	-10	0.0	+	+
tjupan_diphtheria_main_fdeba2126e0359e9	EMB_prokbert_C08	EMB_prokbert_C23	-10	0.0	+	+
tjupan_diphtheria_main_fdeba2126e0359e9	EMB_prokbert_C08	EMB_prokbert_C11	-9	1.0	+	-
tjupan_diphtheria_main_fdeba2126e0359e9	EMB_prokbert_C08	EMB_prokbert_C14	-8	2.0	+	-
tjupan_diphtheria_main_fdeba2126e0359e9	EMB_prokbert_C09	EMB_prokbert_C13	-10	0.0	-	+
tjupan_diphtheria_main_fdeba2126e0359e9	EMB_prokbert_C09	EMB_prokbert_C23	-10	0.0	-	+
tjupan_diphtheria_main_fdeba2126e0359e9	EMB_prokbert_C09	EMB_prokbert_C11	-9	1.0	-	-
tjupan_diphtheria_main_fdeba2126e0359e9	EMB_prokbert_C09	EMB_prokbert_C14	-8	2.0	-	-
tjupan_diphtheria_main_fdeba2126e0359e9	EMB_prokbert_C13	EMB_prokbert_C23	-10	0.0	+	+
tjupan_diphtheria_main_fdeba2126e0359e9	EMB_prokbert_C13	EMB_prokbert_C11	-9	1.0	+	-
tjupan_diphtheria_main_fdeba2126e0359e9	EMB_prokbert_C13	EMB_prokbert_C14	-8	2.0	+	-
tjupan_diphtheria_main_fdeba2126e0359e9	EMB_prokbert_C23	EMB_prokbert_C11	-9	1.0	+	-
tjupan_diphtheria_main_fdeba2126e0359e9	EMB_prokbert_C23	EMB_prokbert_C14	-8	2.0	+	-
tjupan_diphtheria_main_fdeba2126e0359e9	EMB_prokbert_C11	EMB_prokbert_C14	-9	1.0	-	-
