sigma_factor_type	motif_name	strand	hit_count	sequence_count	relative_start_median	relative_start_q1	relative_start_q3	relative_start_min	relative_start_max	group_size	sequence_hit_fraction
Sigma24	minus_10_box	+	5	5	-14.0	-17.0	-6.0	-54.0	14.0	513	0.009746588693957114
Sigma24	minus_10_box	-	11	11	-13.0	-35.0	10.0	-47.0	13.0	513	0.021442495126705652
Sigma24	minus_35_box	+	7	7	-32.0	-32.5	-20.5	-59.0	-7.0	513	0.01364522417153996
Sigma24	minus_35_box	-	9	9	-13.0	-32.0	-11.0	-43.0	4.0	513	0.017543859649122806
Sigma28	minus_10_box	+	3	3	-10.0	-34.5	-8.5	-59.0	-7.0	140	0.02142857142857143
Sigma28	minus_10_box	-	4	4	-30.0	-37.75	-19.25	-40.0	-8.0	140	0.02857142857142857
Sigma28	minus_35_box	-	1	1	15.0	15.0	15.0	15.0	15.0	140	0.007142857142857143
Sigma32	minus_10_box	+	6	6	-15.5	-18.5	-14.0	-40.0	14.0	300	0.02
Sigma32	minus_10_box	-	6	6	-31.0	-39.25	-10.75	-57.0	12.0	300	0.02
Sigma32	minus_35_box	+	9	8	-41.0	-44.0	-8.0	-53.0	11.0	300	0.02666666666666667
Sigma32	minus_35_box	-	1	1	-53.0	-53.0	-53.0	-53.0	-53.0	300	0.0033333333333333335
Sigma38	minus_10_box	+	7	6	-16.0	-42.0	-12.5	-53.0	-9.0	176	0.03409090909090909
Sigma38	minus_10_box	-	2	2	-53.5	-53.75	-53.25	-54.0	-53.0	176	0.011363636363636364
Sigma38	minus_35_box	+	3	3	-45.0	-47.5	-34.0	-50.0	-23.0	176	0.017045454545454544
Sigma38	minus_35_box	-	7	7	-29.0	-43.5	-22.0	-55.0	-11.0	176	0.03977272727272727
Sigma54	minus_35_box	+	1	1	-40.0	-40.0	-40.0	-40.0	-40.0	96	0.010416666666666666
Sigma70	minus_10_box	+	140	129	-12.0	-31.0	-10.0	-60.0	14.0	1942	0.06642636457260556
Sigma70	minus_10_box	-	132	127	-33.0	-35.0	-18.0	-60.0	13.0	1942	0.06539649845520082
Sigma70	minus_35_box	+	70	69	-33.5	-37.75	-7.75	-60.0	15.0	1942	0.03553038105046344
Sigma70	minus_35_box	-	61	60	-19.0	-43.0	-9.0	-60.0	15.0	1942	0.030895983522142123
unknown	minus_10_box	+	19	19	-13.0	-30.0	-9.0	-53.0	6.0	640	0.0296875
unknown	minus_10_box	-	32	32	-33.0	-34.25	-22.0	-59.0	3.0	640	0.05
unknown	minus_35_box	+	7	7	-34.0	-43.0	-0.5	-51.0	12.0	640	0.0109375
unknown	minus_35_box	-	14	14	-38.5	-48.25	-11.0	-55.0	7.0	640	0.021875
