source	method	control	candidates	bh_significant
tjupan_bacillus_subtilis	STREME	natural	3	3
tjupan_bacillus_subtilis	STREME	shuffle	3	0
tjupan_bacillus_subtilis	onehot	natural	24	3
tjupan_bacillus_subtilis	onehot	shuffle	24	0
tjupan_bacillus_subtilis	prokbert	natural	20	10
tjupan_bacillus_subtilis	prokbert	shuffle	20	0
tjupan_bacillus_subtilis	tokenwindow	natural	22	4
tjupan_bacillus_subtilis	tokenwindow	shuffle	22	0
tjupan_baumannii	STREME	natural	2	2
tjupan_baumannii	STREME	shuffle	2	0
tjupan_baumannii	onehot	natural	24	6
tjupan_baumannii	onehot	shuffle	24	0
tjupan_baumannii	prokbert	natural	18	8
tjupan_baumannii	prokbert	shuffle	18	0
tjupan_baumannii	tokenwindow	natural	23	5
tjupan_baumannii	tokenwindow	shuffle	23	0
tjupan_bradyrhizobium	STREME	natural	4	2
tjupan_bradyrhizobium	STREME	shuffle	4	0
tjupan_bradyrhizobium	onehot	natural	24	0
tjupan_bradyrhizobium	onehot	shuffle	24	0
tjupan_bradyrhizobium	prokbert	natural	20	4
tjupan_bradyrhizobium	prokbert	shuffle	20	0
tjupan_bradyrhizobium	tokenwindow	natural	22	7
tjupan_bradyrhizobium	tokenwindow	shuffle	22	0
tjupan_diphtheria	STREME	natural	3	3
tjupan_diphtheria	STREME	shuffle	3	0
tjupan_diphtheria	onehot	natural	24	2
tjupan_diphtheria	onehot	shuffle	24	0
tjupan_diphtheria	prokbert	natural	20	10
tjupan_diphtheria	prokbert	shuffle	20	0
tjupan_diphtheria	tokenwindow	natural	24	10
tjupan_diphtheria	tokenwindow	shuffle	24	0
tjupan_escherichia_coli	STREME	natural	3	2
tjupan_escherichia_coli	STREME	shuffle	3	0
tjupan_escherichia_coli	onehot	natural	24	2
tjupan_escherichia_coli	onehot	shuffle	24	0
tjupan_escherichia_coli	prokbert	natural	19	6
tjupan_escherichia_coli	prokbert	shuffle	19	0
tjupan_escherichia_coli	tokenwindow	natural	23	8
tjupan_escherichia_coli	tokenwindow	shuffle	23	0
tjupan_staphylococcus	STREME	natural	2	2
tjupan_staphylococcus	STREME	shuffle	2	0
tjupan_staphylococcus	onehot	natural	24	14
tjupan_staphylococcus	onehot	shuffle	24	0
tjupan_staphylococcus	prokbert	natural	13	1
tjupan_staphylococcus	prokbert	shuffle	13	0
tjupan_staphylococcus	tokenwindow	natural	21	1
tjupan_staphylococcus	tokenwindow	shuffle	21	0
