split	sequence_index	both_detected	true_gap	predicted_gap	correct_order	gap_error
development	0	True	17.0	17.0	True	0.0
development	1	True	17.0	17.0	True	0.0
development	2	True	17.0	17.0	True	0.0
development	3	True	17.0	17.0	True	0.0
development	4	True	17.0	17.0	True	0.0
development	5	True	17.0	17.0	True	0.0
development	6	True	17.0	17.0	True	0.0
development	7	True	17.0	17.0	True	0.0
development	8	True	17.0	17.0	True	0.0
development	9	True	17.0	17.0	True	0.0
development	10	True	17.0	17.0	True	0.0
development	11	True	17.0	17.0	True	0.0
development	12	True	17.0	17.0	True	0.0
development	13	True	17.0	17.0	True	0.0
development	14	True	17.0	17.0	True	0.0
development	15	True	17.0	17.0	True	0.0
development	16	True	17.0	17.0	True	0.0
development	17	True	17.0	17.0	True	0.0
development	18	True	17.0	17.0	True	0.0
development	19	True	17.0	17.0	True	0.0
development	20	True	17.0	17.0	True	0.0
development	21	True	17.0	17.0	True	0.0
development	22	True	17.0	17.0	True	0.0
development	23	True	17.0	17.0	True	0.0
development	24	True	17.0	17.0	True	0.0
development	25	True	17.0	17.0	True	0.0
development	26	True	17.0	17.0	True	0.0
development	27	True	17.0	-11.0	False	-28.0
development	28	True	17.0	17.0	True	0.0
development	29	True	17.0	17.0	True	0.0
development	30	True	17.0	17.0	True	0.0
development	31	True	17.0	5.0	True	-12.0
development	32	True	17.0	17.0	True	0.0
development	33	True	17.0	17.0	True	0.0
development	34	True	17.0	17.0	True	0.0
development	35	True	17.0	17.0	True	0.0
development	36	True	17.0	17.0	True	0.0
development	37	True	17.0	17.0	True	0.0
development	38	True	17.0	17.0	True	0.0
development	39	True	17.0	17.0	True	0.0
development	40	True	17.0	17.0	True	0.0
development	41	True	17.0	17.0	True	0.0
development	42	False	17.0		False	
development	43	True	17.0	17.0	True	0.0
development	44	True	17.0	17.0	True	0.0
development	45	True	17.0	17.0	True	0.0
development	46	True	17.0	17.0	True	0.0
development	47	True	17.0	17.0	True	0.0
development	48	True	17.0	17.0	True	0.0
development	49	True	17.0	17.0	True	0.0
development	50	True	17.0	17.0	True	0.0
development	51	True	17.0	17.0	True	0.0
development	52	True	17.0	17.0	True	0.0
development	53	True	17.0	17.0	True	0.0
development	54	True	17.0	5.0	True	-12.0
development	55	True	17.0	17.0	True	0.0
development	56	True	17.0	17.0	True	0.0
development	57	True	17.0	17.0	True	0.0
development	58	True	17.0	17.0	True	0.0
development	59	True	17.0	17.0	True	0.0
development	60	True	17.0	17.0	True	0.0
development	61	True	17.0	17.0	True	0.0
development	62	True	17.0	17.0	True	0.0
development	63	True	17.0	17.0	True	0.0
development	64	True	17.0	17.0	True	0.0
development	65	True	17.0	17.0	True	0.0
development	66	True	17.0	17.0	True	0.0
development	67	True	17.0	17.0	True	0.0
development	68	True	17.0	17.0	True	0.0
development	69	True	17.0	17.0	True	0.0
development	70	True	17.0	17.0	True	0.0
development	71	True	17.0	17.0	True	0.0
development	72	True	17.0	17.0	True	0.0
development	73	True	17.0	17.0	True	0.0
development	74	True	17.0	17.0	True	0.0
development	75	True	17.0	17.0	True	0.0
development	76	True	17.0	17.0	True	0.0
development	77	True	17.0	17.0	True	0.0
development	78	True	17.0	17.0	True	0.0
development	79	True	17.0	17.0	True	0.0
development	80	True	17.0	17.0	True	0.0
development	81	True	17.0	17.0	True	0.0
development	82	True	17.0	17.0	True	0.0
development	83	True	17.0	17.0	True	0.0
development	84	True	17.0	17.0	True	0.0
development	85	True	17.0	17.0	True	0.0
development	86	True	17.0	17.0	True	0.0
development	87	True	17.0	17.0	True	0.0
development	88	True	17.0	17.0	True	0.0
development	89	False	17.0		False	
development	90	False	17.0		False	
development	91	True	17.0	17.0	True	0.0
development	92	True	17.0	17.0	True	0.0
development	93	True	17.0	17.0	True	0.0
development	94	True	17.0	2.0	True	-15.0
development	95	True	17.0	17.0	True	0.0
development	96	True	17.0	17.0	True	0.0
development	97	True	17.0	17.0	True	0.0
development	98	True	17.0	17.0	True	0.0
development	99	False	17.0		False	
development	100	True	17.0	17.0	True	0.0
development	101	True	17.0	17.0	True	0.0
development	102	True	17.0	17.0	True	0.0
development	103	True	17.0	17.0	True	0.0
development	104	True	17.0	17.0	True	0.0
development	105	True	17.0	17.0	True	0.0
development	106	True	17.0	17.0	True	0.0
development	107	True	17.0	17.0	True	0.0
development	108	True	17.0	17.0	True	0.0
development	109	True	17.0	17.0	True	0.0
development	110	True	17.0	17.0	True	0.0
development	111	True	17.0	17.0	True	0.0
development	112	True	17.0	17.0	True	0.0
development	113	True	17.0	17.0	True	0.0
development	114	True	17.0	17.0	True	0.0
development	115	True	17.0	17.0	True	0.0
development	116	True	17.0	17.0	True	0.0
development	117	True	17.0	17.0	True	0.0
development	118	True	17.0	-24.0	False	-41.0
development	119	True	17.0	17.0	True	0.0
development	120	True	17.0	17.0	True	0.0
development	121	True	17.0	17.0	True	0.0
development	122	True	17.0	17.0	True	0.0
development	123	True	17.0	17.0	True	0.0
development	124	True	17.0	-21.0	False	-38.0
development	125	True	17.0	17.0	True	0.0
development	126	True	17.0	17.0	True	0.0
development	127	True	17.0	17.0	True	0.0
test	0	True	17.0	17.0	True	0.0
test	1	True	17.0	17.0	True	0.0
test	2	True	17.0	17.0	True	0.0
test	3	True	17.0	17.0	True	0.0
test	4	True	17.0	17.0	True	0.0
test	5	True	17.0	17.0	True	0.0
test	6	True	17.0	41.0	True	24.0
test	7	True	17.0	17.0	True	0.0
test	8	True	17.0	17.0	True	0.0
test	9	True	17.0	17.0	True	0.0
test	10	True	17.0	17.0	True	0.0
test	11	True	17.0	17.0	True	0.0
test	12	True	17.0	17.0	True	0.0
test	13	True	17.0	17.0	True	0.0
test	14	True	17.0	17.0	True	0.0
test	15	True	17.0	17.0	True	0.0
test	16	True	17.0	17.0	True	0.0
test	17	True	17.0	17.0	True	0.0
test	18	True	17.0	17.0	True	0.0
test	19	True	17.0	17.0	True	0.0
test	20	True	17.0	17.0	True	0.0
test	21	True	17.0	17.0	True	0.0
test	22	True	17.0	17.0	True	0.0
test	23	True	17.0	17.0	True	0.0
test	24	True	17.0	17.0	True	0.0
test	25	False	17.0		False	
test	26	True	17.0	17.0	True	0.0
test	27	True	17.0	17.0	True	0.0
test	28	True	17.0	17.0	True	0.0
test	29	True	17.0	17.0	True	0.0
test	30	True	17.0	17.0	True	0.0
test	31	True	17.0	17.0	True	0.0
test	32	True	17.0	17.0	True	0.0
test	33	True	17.0	17.0	True	0.0
test	34	True	17.0	17.0	True	0.0
test	35	True	17.0	17.0	True	0.0
test	36	True	17.0	17.0	True	0.0
test	37	True	17.0	17.0	True	0.0
test	38	True	17.0	17.0	True	0.0
test	39	True	17.0	17.0	True	0.0
test	40	True	17.0	17.0	True	0.0
test	41	True	17.0	17.0	True	0.0
test	42	True	17.0	17.0	True	0.0
test	43	True	17.0	17.0	True	0.0
test	44	True	17.0	17.0	True	0.0
test	45	True	17.0	17.0	True	0.0
test	46	True	17.0	17.0	True	0.0
test	47	True	17.0	17.0	True	0.0
test	48	True	17.0	17.0	True	0.0
test	49	True	17.0	17.0	True	0.0
test	50	True	17.0	17.0	True	0.0
test	51	True	17.0	17.0	True	0.0
test	52	True	17.0	17.0	True	0.0
test	53	True	17.0	17.0	True	0.0
test	54	True	17.0	17.0	True	0.0
test	55	True	17.0	17.0	True	0.0
test	56	True	17.0	17.0	True	0.0
test	57	True	17.0	17.0	True	0.0
test	58	True	17.0	17.0	True	0.0
test	59	True	17.0	17.0	True	0.0
test	60	True	17.0	17.0	True	0.0
test	61	True	17.0	17.0	True	0.0
test	62	True	17.0	17.0	True	0.0
test	63	True	17.0	17.0	True	0.0
test	64	True	17.0	17.0	True	0.0
test	65	True	17.0	17.0	True	0.0
test	66	True	17.0	17.0	True	0.0
test	67	True	17.0	17.0	True	0.0
test	68	True	17.0	17.0	True	0.0
test	69	True	17.0	17.0	True	0.0
test	70	True	17.0	17.0	True	0.0
test	71	True	17.0	17.0	True	0.0
test	72	True	17.0	17.0	True	0.0
test	73	True	17.0	17.0	True	0.0
test	74	True	17.0	17.0	True	0.0
test	75	True	17.0	17.0	True	0.0
test	76	True	17.0	17.0	True	0.0
test	77	True	17.0	17.0	True	0.0
test	78	True	17.0	17.0	True	0.0
test	79	True	17.0	17.0	True	0.0
test	80	True	17.0	17.0	True	0.0
test	81	True	17.0	17.0	True	0.0
test	82	True	17.0	17.0	True	0.0
test	83	True	17.0	17.0	True	0.0
test	84	True	17.0	17.0	True	0.0
test	85	True	17.0	17.0	True	0.0
test	86	True	17.0	17.0	True	0.0
test	87	True	17.0	17.0	True	0.0
test	88	True	17.0	17.0	True	0.0
test	89	True	17.0	17.0	True	0.0
test	90	True	17.0	17.0	True	0.0
test	91	True	17.0	17.0	True	0.0
test	92	True	17.0	17.0	True	0.0
test	93	True	17.0	17.0	True	0.0
test	94	True	17.0	17.0	True	0.0
test	95	True	17.0	17.0	True	0.0
test	96	True	17.0	17.0	True	0.0
test	97	True	17.0	17.0	True	0.0
test	98	True	17.0	17.0	True	0.0
test	99	True	17.0	17.0	True	0.0
test	100	True	17.0	17.0	True	0.0
test	101	True	17.0	17.0	True	0.0
test	102	True	17.0	17.0	True	0.0
test	103	True	17.0	17.0	True	0.0
test	104	True	17.0	17.0	True	0.0
test	105	True	17.0	17.0	True	0.0
test	106	True	17.0	17.0	True	0.0
test	107	True	17.0	17.0	True	0.0
test	108	True	17.0	17.0	True	0.0
test	109	True	17.0	17.0	True	0.0
test	110	True	17.0	17.0	True	0.0
test	111	True	17.0	17.0	True	0.0
test	112	True	17.0	17.0	True	0.0
test	113	True	17.0	17.0	True	0.0
test	114	True	17.0	17.0	True	0.0
test	115	True	17.0	17.0	True	0.0
test	116	True	17.0	17.0	True	0.0
test	117	True	17.0	17.0	True	0.0
test	118	True	17.0	17.0	True	0.0
test	119	True	17.0	17.0	True	0.0
test	120	True	17.0	17.0	True	0.0
test	121	True	17.0	17.0	True	0.0
test	122	True	17.0	17.0	True	0.0
test	123	True	17.0	17.0	True	0.0
test	124	True	17.0	17.0	True	0.0
test	125	True	17.0	17.0	True	0.0
test	126	True	17.0	17.0	True	0.0
test	127	True	17.0	17.0	True	0.0
