8.005000000000000000e+02	9.350000000000000000e+01	1.165000000000000000e+02	6.850000000000000000e+01
2.155000000000000000e+02	1.805000000000000000e+02	1.135000000000000000e+02	5.695000000000000000e+02
2.045000000000000000e+02	3.865000000000000000e+02	2.905000000000000000e+02	1.975000000000000000e+02
4.395000000000000000e+02	2.235000000000000000e+02	2.345000000000000000e+02	1.815000000000000000e+02
1.465000000000000000e+02	2.785000000000000000e+02	2.885000000000000000e+02	3.655000000000000000e+02
1.815000000000000000e+02	4.775000000000000000e+02	1.955000000000000000e+02	2.245000000000000000e+02
3.095000000000000000e+02	2.405000000000000000e+02	3.055000000000000000e+02	2.235000000000000000e+02
8.750000000000000000e+01	1.375000000000000000e+02	7.745000000000000000e+02	7.950000000000000000e+01
2.650000000000000000e+01	9.725000000000000000e+02	5.450000000000000000e+01	2.550000000000000000e+01
2.665000000000000000e+02	1.405000000000000000e+02	5.955000000000000000e+02	7.650000000000000000e+01
