motif	promoters	windows	consensus	information_bits
EMB_tokenwindow_C00	330	1425	TATCAAAAAA	2.9604781226206547
EMB_tokenwindow_C01	296	1718	ATTTCCCTTA	2.4166858916087093
EMB_tokenwindow_C02	277	1290	TTTTTTTTAA	5.166083702938466
EMB_tokenwindow_C03	343	1663	AAATAAAAAA	2.8742346825355365
EMB_tokenwindow_C04	334	1405	AAAAATTCTT	2.595238724577855
EMB_tokenwindow_C05	338	1414	TTAAAAAAAA	4.06285353763388
EMB_tokenwindow_C06	378	1608	AAAAAATTAT	6.799362404755178
EMB_tokenwindow_C07	346	1633	AAAAATGGAA	3.475710269185981
EMB_tokenwindow_C08	280	1341	AAAAGGGGGA	4.817151201757435
EMB_tokenwindow_C09	273	1157	AAAAAAAAAA	3.0669087174207994
EMB_tokenwindow_C10	292	1074	AAAAATTTTT	4.045880793360514
EMB_tokenwindow_C11	365	1751	TTTTAAAAAA	7.110504471387349
EMB_tokenwindow_C12	311	1393	TTGTTGAAAA	1.8939858224713708
EMB_tokenwindow_C13	300	1132	TTATTTTTTA	7.541496824296156
EMB_tokenwindow_C14	345	1360	TTTTTTGAAA	6.324936133648461
EMB_tokenwindow_C15	254	908	AGGGGAAAAA	2.6259672656144852
EMB_tokenwindow_C16	339	1739	AAAAGCCGTT	1.2193457720401946
EMB_tokenwindow_C17	358	1900	ATTATAAAAA	4.165494330292127
EMB_tokenwindow_C18	288	1275	TATCTTTTTT	4.521377867633472
EMB_tokenwindow_C19	271	1099	TAACCGTTTT	1.4654740269179622
EMB_tokenwindow_C20	290	1382	AAAACAACAT	2.4216338238920048
EMB_tokenwindow_C21	281	1080	AATGACCCAA	0.9456324378779182
EMB_tokenwindow_C22	308	1423	AAAAAAAAAA	4.397233309683104
EMB_tokenwindow_C23	367	1886	AATTGTTTAA	3.334951914219559
