motif	method	control	threshold	test	positive_groups	control_groups	positive_hits	control_hits	odds_ratio	p	or_ci_low	or_ci_high	shared_groups_excluded	discordant_pos_only	discordant_null_only	q
EMB_prokbert_C00	prokbert	natural	3.3273562522803477	group_fisher	106	129	24	7	5.101045296167247	9.687497780930636e-05	2.0438330262016704	11.511409661825034	1.0			0.0003229165926976879
EMB_prokbert_C00	prokbert	shuffle	3.3273562522803477	paired_binomial	107	107	24	17		0.14052075752988458				19.0	12.0	0.628475979125748
EMB_prokbert_C01	prokbert	natural	4.822141010173384	group_fisher	106	129	4	6	0.803921568627451	0.7410900823844311	0.2437761986464634	2.8542578104020895	1.0			0.8278087377942875
EMB_prokbert_C01	prokbert	shuffle	4.822141010173384	paired_binomial	107	107	4	7		0.88671875				4.0	7.0	0.9580592105263158
EMB_prokbert_C02	prokbert	natural	4.714967737000802	group_fisher	106	129	29	8	5.696428571428571	8.324687324648423e-06	2.4096678960092532	12.285650029413121	1.0			4.162343662324211e-05
EMB_prokbert_C02	prokbert	shuffle	4.714967737000802	paired_binomial	107	107	29	23		0.18854279373772442				19.0	13.0	0.628475979125748
EMB_prokbert_C03	prokbert	natural	5.612416737762142	group_fisher	106	129	19	5	5.416091954022988	0.0003835978150145094	1.8838671449200637	13.508781232270993	1.0			0.0009589945375362734
EMB_prokbert_C03	prokbert	shuffle	5.612416737762142	paired_binomial	107	107	19	16		0.34501898288726807				14.0	11.0	0.6666666666666666
EMB_prokbert_C05	prokbert	natural	7.749674086917285	group_fisher	106	129	29	5	9.34025974025974	2.398970641384745e-07	3.320751815386269	22.357206187658367	1.0			2.8776494005240947e-06
EMB_prokbert_C05	prokbert	shuffle	7.749674086917285	paired_binomial	107	107	29	21		0.10024421103298667				19.0	11.0	0.628475979125748
EMB_prokbert_C07	prokbert	natural	3.011638945432939	group_fisher	106	129	21	6	5.064705882352941	0.0002718097504281064	1.904727423760589	11.984476208547715	1.0			0.0007765992869374469
EMB_prokbert_C07	prokbert	shuffle	3.011638945432939	paired_binomial	107	107	21	19		0.4339697002142202				19.0	17.0	0.6666666666666666
EMB_prokbert_C08	prokbert	natural	6.445011997557898	group_fisher	106	129	10	8	1.5755208333333333	0.24735915308744388	0.605731407367753	3.993545007640203	1.0			0.4122652551457398
EMB_prokbert_C08	prokbert	shuffle	6.445011997557898	paired_binomial	107	107	10	12		0.7596588134765625				8.0	10.0	0.9099264705882353
EMB_prokbert_C09	prokbert	natural	4.909444516527388	group_fisher	106	129	24	6	6.0	3.53218373320373e-05	2.2744790426928403	13.997469633223718	1.0			0.0001412873493281492
EMB_prokbert_C09	prokbert	shuffle	4.909444516527388	paired_binomial	107	107	24	21		0.355535551905632				16.0	13.0	0.6666666666666666
EMB_prokbert_C10	prokbert	natural	2.415467919799216	group_fisher	106	129	5	7	0.8628005657708628	0.7033997477147282	0.2855246686298083	2.7434642729819085	1.0			0.8278087377942875
EMB_prokbert_C10	prokbert	shuffle	2.415467919799216	paired_binomial	107	107	5	8		0.91015625				3.0	6.0	0.9580592105263158
EMB_prokbert_C12	prokbert	natural	5.0897346757323945	group_fisher	106	129	6	9	0.8	0.7493328576217889	0.2922259285346217	2.303046600855351	1.0			0.8278087377942875
EMB_prokbert_C12	prokbert	shuffle	5.0897346757323945	paired_binomial	107	107	6	5		0.5				6.0	5.0	0.6666666666666666
EMB_prokbert_C13	prokbert	natural	4.321407798548533	group_fisher	106	129	4	6	0.803921568627451	0.7410900823844311	0.2437761986464634	2.8542578104020895	1.0			0.8278087377942875
EMB_prokbert_C13	prokbert	shuffle	4.321407798548533	paired_binomial	107	107	4	5		0.7734375				3.0	4.0	0.9099264705882353
EMB_prokbert_C14	prokbert	natural	3.8055457255606617	group_fisher	106	129	15	6	3.379120879120879	0.010254276267872385	1.2385961589940095	8.363704518679528	1.0			0.018644138668858883
EMB_prokbert_C14	prokbert	shuffle	3.8055457255606617	paired_binomial	107	107	15	10		0.1661529541015625				11.0	6.0	0.628475979125748
EMB_prokbert_C15	prokbert	natural	3.5219070390603138	group_fisher	106	129	5	7	0.8628005657708628	0.7033997477147282	0.2855246686298083	2.7434642729819085	1.0			0.8278087377942875
EMB_prokbert_C15	prokbert	shuffle	3.5219070390603138	paired_binomial	107	107	5	4		0.5				5.0	4.0	0.6666666666666666
EMB_prokbert_C18	prokbert	natural	1.8408396580758728	group_fisher	106	129	7	11	0.758494031221304	0.7864183009045732	0.2980652359739528	2.0239792652635518	1.0			0.8278087377942875
EMB_prokbert_C18	prokbert	shuffle	1.8408396580758728	paired_binomial	107	107	7	4		0.2744140625				7.0	4.0	0.6666666666666666
EMB_prokbert_C19	prokbert	natural	6.53910387234272	group_fisher	106	129	26	12	3.16875	0.0014305578994255356	1.4914178111498952	6.420315482432488	1.0			0.003179017554278968
EMB_prokbert_C19	prokbert	shuffle	6.53910387234272	paired_binomial	107	107	26	23		0.3641662404406816				18.0	15.0	0.6666666666666666
EMB_prokbert_C20	prokbert	natural	4.288883616525322	group_fisher	106	129	5	10	0.5891089108910891	0.8890358537103717	0.2125833333464441	1.789045122672317	1.0			0.8890358537103717
EMB_prokbert_C20	prokbert	shuffle	4.288883616525322	paired_binomial	107	107	5	4		0.5				5.0	4.0	0.6666666666666666
EMB_prokbert_C22	prokbert	natural	4.634981593068207	group_fisher	106	129	3	2	1.8495145631067962	0.40805031857022067	0.3333363851916101	8.923043698230538	1.0			0.6277697208772626
EMB_prokbert_C22	prokbert	shuffle	4.634981593068207	paired_binomial	107	107	3	8		0.96728515625				3.0	8.0	0.96728515625
EMB_prokbert_C23	prokbert	natural	5.372788335437524	group_fisher	106	129	27	5	8.475949367088608	1.167813162363082e-06	3.0047820915194405	20.40475910902982	1.0			7.785421082420545e-06
EMB_prokbert_C23	prokbert	shuffle	5.372788335437524	paired_binomial	107	107	27	18		0.06802297383546829				19.0	10.0	0.628475979125748
STREME_1-ATTWTARMADAWWW	STREME	natural	8.130048438252858	group_fisher	106	129	35	9	6.572769953051643	2.877649400524095e-07	2.905942785762097	13.648484987850665	1.0			2.8776494005240947e-06
STREME_1-ATTWTARMADAWWW	STREME	shuffle	8.130048438252858	paired_binomial	107	107	35	27		0.13997811926446957				25.0	17.0	0.628475979125748
STREME_2-AYAAAAAA	STREME	natural	9.116492679351698	group_fisher	106	129	27	14	2.8074141048824592	0.0028283078948800277	1.3719863879747531	5.53361948294126	1.0			0.005656615789760055
STREME_2-AYAAAAAA	STREME	shuffle	9.116492679351698	paired_binomial	107	107	27	25		0.43570733968226705				20.0	18.0	0.6666666666666666
