embedding	streme	cosine_similarity	offset	strand	interpretation
EMB_onehot_C00	1-BYTARV	0.27767104665101705	2	+	descriptive alignment only; no significance
EMB_onehot_C00	2-GAATSA	0.5403334442446492	0	-	descriptive alignment only; no significance
EMB_onehot_C00	3-CCYCTCCC	0.450908024347817	0	+	descriptive alignment only; no significance
EMB_onehot_C00	4-SAAAAAAB	0.48294005822347535	-2	-	descriptive alignment only; no significance
EMB_onehot_C01	1-BYTARV	0.027139654321466193	5	+	descriptive alignment only; no significance
EMB_onehot_C01	2-GAATSA	0.07997397728915838	-1	+	descriptive alignment only; no significance
EMB_onehot_C01	3-CCYCTCCC	0.5297238594396448	-1	-	descriptive alignment only; no significance
EMB_onehot_C01	4-SAAAAAAB	0.08146745114698503	2	-	descriptive alignment only; no significance
EMB_onehot_C02	1-BYTARV	0.08245984096142328	0	+	descriptive alignment only; no significance
EMB_onehot_C02	2-GAATSA	0.31785982202868457	5	-	descriptive alignment only; no significance
EMB_onehot_C02	3-CCYCTCCC	0.5756055096720781	3	+	descriptive alignment only; no significance
EMB_onehot_C02	4-SAAAAAAB	0.1024363064403865	2	-	descriptive alignment only; no significance
EMB_onehot_C03	1-BYTARV	0.3338588212718678	-1	+	descriptive alignment only; no significance
EMB_onehot_C03	2-GAATSA	0.44544695865690137	1	+	descriptive alignment only; no significance
EMB_onehot_C03	3-CCYCTCCC	0.6108404596178949	-1	-	descriptive alignment only; no significance
EMB_onehot_C03	4-SAAAAAAB	0.28143982092109066	-1	+	descriptive alignment only; no significance
EMB_onehot_C04	1-BYTARV	0.2833914384696373	1	+	descriptive alignment only; no significance
EMB_onehot_C04	2-GAATSA	0.5571241695618274	-1	-	descriptive alignment only; no significance
EMB_onehot_C04	3-CCYCTCCC	0.600876922751005	-1	+	descriptive alignment only; no significance
EMB_onehot_C04	4-SAAAAAAB	0.4431431780145708	-3	-	descriptive alignment only; no significance
EMB_onehot_C05	1-BYTARV	0.12657208010319046	0	+	descriptive alignment only; no significance
EMB_onehot_C05	2-GAATSA	0.32236742850820693	0	+	descriptive alignment only; no significance
EMB_onehot_C05	3-CCYCTCCC	0.25980154632065017	0	-	descriptive alignment only; no significance
EMB_onehot_C05	4-SAAAAAAB	0.27851272350917333	0	-	descriptive alignment only; no significance
EMB_onehot_C06	1-BYTARV	0.1703091464994181	5	+	descriptive alignment only; no significance
EMB_onehot_C06	2-GAATSA	0.45743068141143367	3	+	descriptive alignment only; no significance
EMB_onehot_C06	3-CCYCTCCC	0.2691868311425598	4	+	descriptive alignment only; no significance
EMB_onehot_C06	4-SAAAAAAB	0.4940659651399742	4	+	descriptive alignment only; no significance
EMB_onehot_C07	1-BYTARV	-0.042708218608423394	-1	+	descriptive alignment only; no significance
EMB_onehot_C07	2-GAATSA	0.17560498481853654	3	+	descriptive alignment only; no significance
EMB_onehot_C07	3-CCYCTCCC	0.4396564380369878	4	+	descriptive alignment only; no significance
EMB_onehot_C07	4-SAAAAAAB	0.058503134142990645	-3	+	descriptive alignment only; no significance
EMB_onehot_C08	1-BYTARV	0.134578198158955	3	+	descriptive alignment only; no significance
EMB_onehot_C08	2-GAATSA	0.47879586264137214	1	+	descriptive alignment only; no significance
EMB_onehot_C08	3-CCYCTCCC	0.31931907134389775	-2	-	descriptive alignment only; no significance
EMB_onehot_C08	4-SAAAAAAB	0.18554198822565957	2	+	descriptive alignment only; no significance
EMB_onehot_C09	1-BYTARV	0.019351748094093887	2	+	descriptive alignment only; no significance
EMB_onehot_C09	2-GAATSA	0.1127592937728618	2	-	descriptive alignment only; no significance
EMB_onehot_C09	3-CCYCTCCC	0.38152182166524823	-2	+	descriptive alignment only; no significance
EMB_onehot_C09	4-SAAAAAAB	-0.027988777857547983	1	-	descriptive alignment only; no significance
EMB_onehot_C10	1-BYTARV	0.07715871854629584	0	+	descriptive alignment only; no significance
EMB_onehot_C10	2-GAATSA	0.564675392213396	-1	-	descriptive alignment only; no significance
EMB_onehot_C10	3-CCYCTCCC	0.3376830276709956	-2	+	descriptive alignment only; no significance
EMB_onehot_C10	4-SAAAAAAB	0.4044078552550899	-3	+	descriptive alignment only; no significance
EMB_onehot_C11	1-BYTARV	0.01519073029914616	1	+	descriptive alignment only; no significance
EMB_onehot_C11	2-GAATSA	0.10317315208099312	1	-	descriptive alignment only; no significance
EMB_onehot_C11	3-CCYCTCCC	0.5315240963887707	-2	-	descriptive alignment only; no significance
EMB_onehot_C11	4-SAAAAAAB	0.02876948281754492	0	-	descriptive alignment only; no significance
EMB_onehot_C12	1-BYTARV	0.12059455311751584	4	+	descriptive alignment only; no significance
EMB_onehot_C12	2-GAATSA	0.19767259825684608	5	+	descriptive alignment only; no significance
EMB_onehot_C12	3-CCYCTCCC	0.4785942028064129	-1	-	descriptive alignment only; no significance
EMB_onehot_C12	4-SAAAAAAB	0.09927817993925918	5	+	descriptive alignment only; no significance
EMB_onehot_C13	1-BYTARV	0.12378944042932818	3	+	descriptive alignment only; no significance
EMB_onehot_C13	2-GAATSA	0.15545211861204597	-1	-	descriptive alignment only; no significance
EMB_onehot_C13	3-CCYCTCCC	0.5507995989451635	5	-	descriptive alignment only; no significance
EMB_onehot_C13	4-SAAAAAAB	0.24318091705732778	-3	-	descriptive alignment only; no significance
EMB_onehot_C14	1-BYTARV	0.18244688903665265	5	+	descriptive alignment only; no significance
EMB_onehot_C14	2-GAATSA	0.3943220369275737	5	+	descriptive alignment only; no significance
EMB_onehot_C14	3-CCYCTCCC	0.5541221660405181	5	-	descriptive alignment only; no significance
EMB_onehot_C14	4-SAAAAAAB	0.47557704266466044	5	+	descriptive alignment only; no significance
EMB_onehot_C15	1-BYTARV	-0.07608476191878215	0	+	descriptive alignment only; no significance
EMB_onehot_C15	2-GAATSA	0.19887132634114363	0	-	descriptive alignment only; no significance
EMB_onehot_C15	3-CCYCTCCC	0.40512387327622523	-3	-	descriptive alignment only; no significance
EMB_onehot_C15	4-SAAAAAAB	0.1764628930595934	-3	-	descriptive alignment only; no significance
EMB_onehot_C16	1-BYTARV	0.1213365512938029	4	+	descriptive alignment only; no significance
EMB_onehot_C16	2-GAATSA	0.2686335633004009	4	+	descriptive alignment only; no significance
EMB_onehot_C16	3-CCYCTCCC	0.33309087350287264	4	-	descriptive alignment only; no significance
EMB_onehot_C16	4-SAAAAAAB	0.23940932000788825	1	-	descriptive alignment only; no significance
EMB_onehot_C17	1-BYTARV	0.08575218256604933	2	+	descriptive alignment only; no significance
EMB_onehot_C17	2-GAATSA	0.16656124931154387	2	-	descriptive alignment only; no significance
EMB_onehot_C17	3-CCYCTCCC	0.360456251362699	5	-	descriptive alignment only; no significance
EMB_onehot_C17	4-SAAAAAAB	0.09980021768377968	2	-	descriptive alignment only; no significance
EMB_onehot_C18	1-BYTARV	-0.004342012730934829	2	+	descriptive alignment only; no significance
EMB_onehot_C18	2-GAATSA	0.46370525660140455	5	-	descriptive alignment only; no significance
EMB_onehot_C18	3-CCYCTCCC	0.33815490260851505	-3	-	descriptive alignment only; no significance
EMB_onehot_C18	4-SAAAAAAB	0.7604551565273624	5	-	descriptive alignment only; no significance
EMB_onehot_C19	1-BYTARV	0.09239086117306185	0	+	descriptive alignment only; no significance
EMB_onehot_C19	2-GAATSA	0.09311979078005725	3	-	descriptive alignment only; no significance
EMB_onehot_C19	3-CCYCTCCC	0.381660536961267	5	+	descriptive alignment only; no significance
EMB_onehot_C19	4-SAAAAAAB	0.05855350914825639	5	+	descriptive alignment only; no significance
EMB_onehot_C20	1-BYTARV	0.11957617427806579	2	+	descriptive alignment only; no significance
EMB_onehot_C20	2-GAATSA	0.3783331105520079	2	+	descriptive alignment only; no significance
EMB_onehot_C20	3-CCYCTCCC	0.33789979153218447	-3	+	descriptive alignment only; no significance
EMB_onehot_C20	4-SAAAAAAB	0.12052637426558868	-1	-	descriptive alignment only; no significance
EMB_onehot_C21	1-BYTARV	-0.00999366115054731	5	+	descriptive alignment only; no significance
EMB_onehot_C21	2-GAATSA	0.2327173828090402	1	-	descriptive alignment only; no significance
EMB_onehot_C21	3-CCYCTCCC	0.48979258966936007	1	-	descriptive alignment only; no significance
EMB_onehot_C21	4-SAAAAAAB	0.06428075718052595	1	-	descriptive alignment only; no significance
EMB_onehot_C22	1-BYTARV	0.14196543126377004	5	+	descriptive alignment only; no significance
EMB_onehot_C22	2-GAATSA	0.268653812532163	3	+	descriptive alignment only; no significance
EMB_onehot_C22	3-CCYCTCCC	0.39193034240192226	1	-	descriptive alignment only; no significance
EMB_onehot_C22	4-SAAAAAAB	0.15456162137780272	3	+	descriptive alignment only; no significance
EMB_onehot_C23	1-BYTARV	0.06139026803298015	-1	+	descriptive alignment only; no significance
EMB_onehot_C23	2-GAATSA	0.0362343082952475	1	+	descriptive alignment only; no significance
EMB_onehot_C23	3-CCYCTCCC	0.40125298005702087	1	-	descriptive alignment only; no significance
EMB_onehot_C23	4-SAAAAAAB	0.04128998813348909	0	+	descriptive alignment only; no significance
