sigma	element	match_rule	n_sequences	n_with_hit	n_matches_total	mean_offset	median_offset	q1	q3	sd	iqr	min	max	range	hit_rate_pct
Sigma24	-35 box (TTGACA)	exact	45	1	1	-13.00	-13.0	-13.0	-13.0	0.00	0.0	-13	-13	0	2.22
Sigma24	-35 box (TTGACA)	mis1	45	21	24	-31.00	-40.0	-47.0	-13.0	21.51	34.0	-56	12	68	46.67
Sigma24	-10 box (TATAAT)	exact	45	1	1	-15.00	-15.0	-15.0	-15.0	0.00	0.0	-15	-15	0	2.22
Sigma24	-10 box (TATAAT)	mis1	45	24	36	-24.79	-22.0	-43.8	-5.5	22.04	38.2	-60	9	69	53.33
Sigma28	-35 box (TTGACA)	exact	10	0	0										0.00
Sigma28	-35 box (TTGACA)	mis1	10	3	4	-45.67	-46.0	-50.5	-41.0	9.50	9.5	-55	-36	19	30.00
Sigma28	-10 box (TATAAT)	exact	10	0	0										0.00
Sigma28	-10 box (TATAAT)	mis1	10	5	9	-16.60	-11.0	-22.0	-5.0	16.62	17.0	-43	-2	41	50.00
Sigma32	-35 box (TTGACA)	exact	34	1	2	-50.00	-50.0	-50.0	-50.0	0.00	0.0	-50	-50	0	2.94
Sigma32	-35 box (TTGACA)	mis1	34	19	26	-25.68	-34.0	-35.0	-23.5	16.63	11.5	-43	11	54	55.88
Sigma32	-10 box (TATAAT)	exact	34	1	1	-3.00	-3.0	-3.0	-3.0	0.00	0.0	-3	-3	0	2.94
Sigma32	-10 box (TATAAT)	mis1	34	15	18	-18.47	-11.0	-33.0	-3.5	21.89	29.5	-59	8	67	44.12
Sigma38	-35 box (TTGACA)	exact	84	3	3	-34.00	-34.0	-39.5	-28.5	11.00	11.0	-45	-23	22	3.57
Sigma38	-35 box (TTGACA)	mis1	84	36	43	-27.58	-28.5	-45.2	-7.5	20.21	37.8	-60	4	64	42.86
Sigma38	-10 box (TATAAT)	exact	84	3	4	-12.67	-13.0	-14.5	-11.0	3.51	3.5	-16	-9	7	3.57
Sigma38	-10 box (TATAAT)	mis1	84	48	81	-14.23	-12.0	-14.5	-9.8	16.97	4.8	-59	13	72	57.14
Sigma54	-35 box (TTGACA)	exact	14	0	0										0.00
Sigma54	-35 box (TTGACA)	mis1	14	5	6	-16.60	-27.0	-27.0	-3.0	14.81	24.0	-28	2	30	35.71
Sigma54	-10 box (TATAAT)	exact	14	0	0										0.00
Sigma54	-10 box (TATAAT)	mis1	14	4	4	-33.75	-35.5	-49.0	-20.2	17.84	28.8	-49	-15	34	28.57
Sigma70	-35 box (TTGACA)	exact	583	25	25	-24.76	-35.0	-36.0	-7.0	20.24	29.0	-49	15	64	4.29
Sigma70	-35 box (TTGACA)	mis1	583	264	338	-27.13	-34.0	-37.0	-16.0	19.60	21.0	-60	15	75	45.28
Sigma70	-10 box (TATAAT)	exact	583	42	44	-15.02	-12.0	-14.0	-11.0	9.97	3.0	-47	-1	46	7.20
Sigma70	-10 box (TATAAT)	mis1	583	384	573	-15.45	-12.0	-15.0	-10.0	14.13	5.0	-59	15	74	65.87
