split	label	sequence_index	family	candidate	present	raw_window_start0	projected_truth_start0	canonical_strand	truth_start0	delta	score	interval_iou
development	1	0	0	C19	False	0.0	-2.0	+	25.0	-27.0	5.215415019937151	0.0
development	1	1	0	C19	False	3.0	1.0	+	25.0	-24.0	6.754352095242261	0.0
development	1	2	0	C19	False	19.0	17.0	+	25.0	-8.0	1.4623362358259464	0.2
development	1	3	0	C19	False	26.0	26.0	-	25.0	1.0	2.6502276584974642	0.8461538461538461
development	1	4	0	C19	False	3.0	1.0	+	25.0	-24.0	6.421555514333206	0.0
development	1	5	0	C19	False	27.0	25.0	+	25.0	0.0	0.9359254936687315	1.0
development	1	6	0	C19	False	31.0	29.0	+	25.0	4.0	3.810294089794404	0.5
development	1	7	0	C19	False	27.0	25.0	+	25.0	0.0	2.736529372238615	1.0
development	1	8	0	C19	False	67.0	67.0	-	25.0	42.0	0.7062135209043918	0.0
development	1	9	0	C19	False	27.0	25.0	+	25.0	0.0	6.069947421986289	1.0
development	1	10	0	C19	False	30.0	30.0	-	25.0	5.0	5.903052216667328	0.4117647058823529
development	1	11	0	C19	False	27.0	25.0	+	25.0	0.0	3.833038002985093	1.0
development	1	12	0	C19	False	28.0	26.0	+	25.0	1.0	1.9612739332829177	0.8461538461538461
development	1	13	0	C19	False	68.0	68.0	-	25.0	43.0	6.1670328868151	0.0
development	1	14	0	C19	False	31.0	31.0	-	25.0	6.0	0.905975504002452	0.3333333333333333
development	1	15	0	C19	False	16.0	14.0	+	25.0	-11.0	6.383942261200028	0.043478260869565216
development	1	16	0	C19	False	16.0	14.0	+	25.0	-11.0	2.793973114133116	0.043478260869565216
development	1	17	0	C19	False	70.0	68.0	+	25.0	43.0	5.030820737559932	0.0
development	1	18	0	C19	False	31.0	31.0	-	25.0	6.0	4.017792427296308	0.3333333333333333
development	1	19	0	C19	False	29.0	27.0	+	25.0	2.0	3.5261785615699996	0.7142857142857143
development	1	20	0	C19	False	2.0	2.0	-	25.0	-23.0	4.523474352474477	0.0
development	1	21	0	C19	False	71.0	71.0	-	25.0	46.0	3.0659742209218406	0.0
development	1	22	0	C19	False	11.0	11.0	-	25.0	-14.0	3.8460558152138575	0.0
development	1	23	0	C19	False	30.0	28.0	+	25.0	3.0	4.368540408868223	0.6
development	1	24	0	C19	False	21.0	21.0	-	25.0	-4.0	5.312507236850872	0.5
development	1	25	0	C19	False	20.0	20.0	-	25.0	-5.0	4.882332202638244	0.4117647058823529
development	1	26	0	C19	False	27.0	25.0	+	25.0	0.0	3.1170686136221826	1.0
development	1	27	0	C19	False	30.0	30.0	-	25.0	5.0	3.0650043465389354	0.4117647058823529
development	1	28	0	C19	False	30.0	28.0	+	25.0	3.0	4.051318950610917	0.6
development	1	29	0	C19	False	40.0	38.0	+	25.0	13.0	1.1728279880597896	0.0
development	1	30	0	C19	False	34.0	32.0	+	25.0	7.0	0.7043386960175467	0.2631578947368421
development	1	31	0	C19	False	23.0	23.0	-	25.0	-2.0	6.953095731975398	0.7142857142857143
development	1	32	0	C19	False	9.0	7.0	+	25.0	-18.0	6.552447985090952	0.0
development	1	33	0	C19	False	27.0	25.0	+	25.0	0.0	1.6267318972364682	1.0
development	1	34	0	C19	False	30.0	30.0	-	25.0	5.0	5.528238121350108	0.4117647058823529
development	1	35	0	C19	False	29.0	27.0	+	25.0	2.0	5.089203361503408	0.7142857142857143
development	1	36	0	C19	False	6.0	6.0	-	25.0	-19.0	5.295059269496672	0.0
development	1	37	0	C19	False	27.0	25.0	+	25.0	0.0	5.889375174411823	1.0
development	1	38	0	C19	False	30.0	28.0	+	25.0	3.0	2.729195802772553	0.6
development	1	39	0	C19	False	52.0	52.0	-	25.0	27.0	7.499385039644898	0.0
development	1	40	0	C19	False	31.0	29.0	+	25.0	4.0	8.033387102844726	0.5
development	1	41	0	C19	False	6.0	6.0	-	25.0	-19.0	3.3881962493220836	0.0
development	1	42	0	C19	False	30.0	28.0	+	25.0	3.0	3.3881962493220836	0.6
development	1	43	0	C19	False	28.0	26.0	+	25.0	1.0	7.02397207084966	0.8461538461538461
development	1	44	0	C19	False	30.0	30.0	-	25.0	5.0	3.040115057919981	0.4117647058823529
development	1	45	0	C19	False	70.0	70.0	-	25.0	45.0	4.624301610330653	0.0
development	1	46	0	C19	False	70.0	68.0	+	25.0	43.0	5.66123593419559	0.0
development	1	47	0	C19	False	27.0	25.0	+	25.0	0.0	4.8076047132746496	1.0
development	1	48	0	C19	False	71.0	71.0	-	25.0	46.0	3.937768280427102	0.0
development	1	49	0	C19	False	27.0	25.0	+	25.0	0.0	6.236444282844527	1.0
development	1	50	0	C19	False	29.0	27.0	+	25.0	2.0	3.753794896355707	0.7142857142857143
development	1	51	0	C19	False	20.0	20.0	-	25.0	-5.0	4.535627388469076	0.4117647058823529
development	1	52	0	C19	False	30.0	28.0	+	25.0	3.0	6.145346090779726	0.6
development	1	53	0	C19	False	26.0	24.0	+	25.0	-1.0	4.655026903688294	0.8461538461538461
development	1	54	0	C19	False	27.0	25.0	+	25.0	0.0	4.986310600559625	1.0
development	1	55	0	C19	False	27.0	25.0	+	25.0	0.0	4.986310600559625	1.0
development	1	56	0	C19	False	27.0	25.0	+	25.0	0.0	7.233375779485469	1.0
development	1	57	0	C19	False	27.0	25.0	+	25.0	0.0	2.7995598150044962	1.0
development	1	58	0	C19	False	67.0	65.0	+	25.0	40.0	5.0983914253462945	0.0
development	1	59	0	C19	False	27.0	25.0	+	25.0	0.0	6.717334327377227	1.0
development	1	60	0	C19	False	57.0	55.0	+	25.0	30.0	6.742285571558719	0.0
development	1	61	0	C19	False	26.0	24.0	+	25.0	-1.0	3.4511309823763043	0.8461538461538461
development	1	62	0	C19	False	27.0	25.0	+	25.0	0.0	3.3667717746117516	1.0
development	1	63	0	C19	False	30.0	28.0	+	25.0	3.0	4.804776663656278	0.6
development	1	64	0	C19	False	27.0	25.0	+	25.0	0.0	5.891241534701315	1.0
development	1	65	0	C19	False	32.0	30.0	+	25.0	5.0	3.6096653310279367	0.4117647058823529
development	1	66	0	C19	False	27.0	25.0	+	25.0	0.0	3.9084810752479315	1.0
development	1	67	0	C19	False	29.0	27.0	+	25.0	2.0	1.455474876487164	0.7142857142857143
development	1	68	0	C19	False	13.0	11.0	+	25.0	-14.0	4.04518084212065	0.0
development	1	69	0	C19	False	27.0	25.0	+	25.0	0.0	4.986310600559625	1.0
development	1	70	0	C19	False	1.0	-1.0	+	25.0	-26.0	3.807504184713594	0.0
development	1	71	0	C19	False	27.0	25.0	+	25.0	0.0	4.444601299923445	1.0
development	1	72	0	C19	False	31.0	31.0	-	25.0	6.0	5.1562485771593405	0.3333333333333333
development	1	73	0	C19	False	30.0	30.0	-	25.0	5.0	5.606420100625694	0.4117647058823529
development	1	74	0	C19	False	19.0	19.0	-	25.0	-6.0	6.002726435571043	0.3333333333333333
development	1	75	0	C19	False	15.0	13.0	+	25.0	-12.0	3.3788373981929634	0.0
development	1	76	0	C19	False	30.0	30.0	-	25.0	5.0	6.5977995560605445	0.4117647058823529
development	1	77	0	C19	False	63.0	63.0	-	25.0	38.0	6.574263332712731	0.0
development	1	78	0	C19	False	71.0	69.0	+	25.0	44.0	1.5454113576356594	0.0
development	1	79	0	C19	False	17.0	17.0	-	25.0	-8.0	2.4083806101519634	0.2
development	1	80	0	C19	False	32.0	32.0	-	25.0	7.0	3.4010868533954435	0.2631578947368421
development	1	81	0	C19	False	52.0	52.0	-	25.0	27.0	3.581693325252139	0.0
development	1	82	0	C19	False	27.0	25.0	+	25.0	0.0	1.8071203656130619	1.0
development	1	83	0	C19	False	39.0	39.0	-	25.0	14.0	4.4668765148108	0.0
development	1	84	0	C19	False	16.0	14.0	+	25.0	-11.0	4.376910298517396	0.043478260869565216
development	1	85	0	C19	False	40.0	40.0	-	25.0	15.0	4.35816648813535	0.0
development	1	86	0	C19	False	49.0	47.0	+	25.0	22.0	0.9571043329097806	0.0
development	1	87	0	C19	False	27.0	25.0	+	25.0	0.0	3.7255463707563643	1.0
development	1	88	0	C19	False	71.0	69.0	+	25.0	44.0	6.3855997512975105	0.0
development	1	89	0	C19	False	9.0	7.0	+	25.0	-18.0	5.1805188672704885	0.0
development	1	90	0	C19	False	14.0	12.0	+	25.0	-13.0	1.4043265168755488	0.0
development	1	91	0	C19	False	3.0	3.0	-	25.0	-22.0	5.99468897775718	0.0
development	1	92	0	C19	False	27.0	25.0	+	25.0	0.0	5.3794718307938485	1.0
development	1	93	0	C19	False	29.0	29.0	-	25.0	4.0	4.76115023148356	0.5
development	1	94	0	C19	False	32.0	32.0	-	25.0	7.0	7.136163406139389	0.2631578947368421
development	1	95	0	C19	False	17.0	17.0	-	25.0	-8.0	4.105235714596008	0.2
development	1	96	0	C19	False	29.0	27.0	+	25.0	2.0	3.079593500969767	0.7142857142857143
development	1	97	0	C19	False	32.0	30.0	+	25.0	5.0	4.3542646097649556	0.4117647058823529
development	1	98	0	C19	False	21.0	21.0	-	25.0	-4.0	3.018437644550196	0.5
development	1	99	0	C19	False	58.0	56.0	+	25.0	31.0	4.187273051546146	0.0
development	1	100	0	C19	False	27.0	25.0	+	25.0	0.0	2.4290999544339265	1.0
development	1	101	0	C19	False	30.0	28.0	+	25.0	3.0	2.903231507708006	0.6
development	1	102	0	C19	False	15.0	13.0	+	25.0	-12.0	5.256978327750904	0.0
development	1	103	0	C19	False	43.0	43.0	-	25.0	18.0	4.930056930904059	0.0
development	1	104	0	C19	False	21.0	21.0	-	25.0	-4.0	1.9903286408097567	0.5
development	1	105	0	C19	False	57.0	57.0	-	25.0	32.0	4.876134558667706	0.0
development	1	106	0	C19	False	27.0	25.0	+	25.0	0.0	4.450078375660905	1.0
development	1	107	0	C19	False	26.0	24.0	+	25.0	-1.0	4.655026903688294	0.8461538461538461
development	1	108	0	C19	False	28.0	28.0	-	25.0	3.0	3.332792268772192	0.6
development	1	109	0	C19	False	36.0	34.0	+	25.0	9.0	3.8274426290781087	0.14285714285714285
development	1	110	0	C19	False	16.0	14.0	+	25.0	-11.0	3.425819900672042	0.043478260869565216
development	1	111	0	C19	False	28.0	26.0	+	25.0	1.0	5.598212903739741	0.8461538461538461
development	1	112	0	C19	False	9.0	9.0	-	25.0	-16.0	2.2867687004787056	0.0
development	1	113	0	C19	False	29.0	29.0	-	25.0	4.0	5.3891814471942965	0.5
development	1	114	0	C19	False	30.0	30.0	-	25.0	5.0	6.0817581039523025	0.4117647058823529
development	1	115	0	C19	False	22.0	22.0	-	25.0	-3.0	5.051668840577318	0.6
development	1	116	0	C19	False	19.0	19.0	-	25.0	-6.0	4.887110679518574	0.3333333333333333
development	1	117	0	C19	False	11.0	11.0	-	25.0	-14.0	3.707635698346342	0.0
development	1	118	0	C19	False	27.0	25.0	+	25.0	0.0	1.3204045025719746	1.0
development	1	119	0	C19	False	71.0	71.0	-	25.0	46.0	2.0340016004206296	0.0
development	1	120	0	C19	False	30.0	30.0	-	25.0	5.0	2.5500482179940227	0.4117647058823529
development	1	121	0	C19	False	17.0	17.0	-	25.0	-8.0	4.659788585464238	0.2
development	1	122	0	C19	False	38.0	36.0	+	25.0	11.0	2.69823953486002	0.043478260869565216
development	1	123	0	C19	False	30.0	30.0	-	25.0	5.0	5.934616932774265	0.4117647058823529
development	1	124	0	C19	False	34.0	32.0	+	25.0	7.0	3.6557509687608647	0.2631578947368421
development	1	125	0	C19	False	27.0	25.0	+	25.0	0.0	2.3257523468522647	1.0
development	1	126	0	C19	False	27.0	25.0	+	25.0	0.0	1.7759909928402724	1.0
development	1	127	0	C19	False	45.0	45.0	-	25.0	20.0	3.12600492155624	0.0
development	0	0	0	C19	False						6.862038563029705	
development	0	1	0	C19	False						4.5571860741036705	
development	0	2	0	C19	False						2.0305330015003067	
development	0	3	0	C19	False						0.5143560997140277	
development	0	4	0	C19	False						2.7108615237106766	
development	0	5	0	C19	False						2.3841421427579514	
development	0	6	0	C19	False						7.128039157032453	
development	0	7	0	C19	False						3.8200541934420724	
development	0	8	0	C19	False						2.054572512122897	
development	0	9	0	C19	False						1.7303979458421197	
development	0	10	0	C19	False						1.103015121181334	
development	0	11	0	C19	False						4.751351043619085	
development	0	12	0	C19	False						1.8943397292574768	
development	0	13	0	C19	False						5.536506447942197	
development	0	14	0	C19	False						4.527129619903068	
development	0	15	0	C19	False						5.576990853770047	
development	0	16	0	C19	False						3.712868020771051	
development	0	17	0	C19	False						4.3134628440809335	
development	0	18	0	C19	False						0.2882318909060138	
development	0	19	0	C19	False						3.008310507980078	
development	0	20	0	C19	False						3.9975944142097943	
development	0	21	0	C19	False						4.616871066312215	
development	0	22	0	C19	False						1.797487747109772	
development	0	23	0	C19	False						3.602149832943022	
development	0	24	0	C19	False						3.6356530102653335	
development	0	25	0	C19	False						2.873229139111333	
development	0	26	0	C19	False						4.7947264416920365	
development	0	27	0	C19	False						3.0325191760877126	
development	0	28	0	C19	False						4.9138082304837685	
development	0	29	0	C19	False						-0.13800213209361695	
development	0	30	0	C19	False						3.404053400289116	
development	0	31	0	C19	False						3.1455630359770796	
development	0	32	0	C19	False						5.349024591161414	
development	0	33	0	C19	False						4.2970250114739645	
development	0	34	0	C19	False						3.1732314557187733	
development	0	35	0	C19	False						2.0065974869938175	
development	0	36	0	C19	False						3.5011232347019985	
development	0	37	0	C19	False						4.800487819545383	
development	0	38	0	C19	False						4.046357839920561	
development	0	39	0	C19	False						1.4495162200244462	
development	0	40	0	C19	False						6.2092563209296365	
development	0	41	0	C19	False						1.9242775266648549	
development	0	42	0	C19	False						5.853960145014784	
development	0	43	0	C19	False						0.5698972386046702	
development	0	44	0	C19	False						2.725148877446069	
development	0	45	0	C19	False						3.9051602205820157	
development	0	46	0	C19	False						1.6628504786033504	
development	0	47	0	C19	False						5.255930576167024	
development	0	48	0	C19	False						3.356571611217702	
development	0	49	0	C19	False						3.051339541128164	
development	0	50	0	C19	False						5.966422889792472	
development	0	51	0	C19	False						5.771323417117731	
development	0	52	0	C19	False						3.891864292580477	
development	0	53	0	C19	False						5.616323507708756	
development	0	54	0	C19	False						0.8649036910219898	
development	0	55	0	C19	False						4.519328789287037	
development	0	56	0	C19	False						0.6016172487654035	
development	0	57	0	C19	False						0.7437121426599476	
development	0	58	0	C19	False						2.1641711276569056	
development	0	59	0	C19	False						2.627978976909188	
development	0	60	0	C19	False						5.034464099286265	
development	0	61	0	C19	False						2.056654328357155	
development	0	62	0	C19	False						3.9412209566645577	
development	0	63	0	C19	False						4.01038600660528	
development	0	64	0	C19	False						5.3014526328958205	
development	0	65	0	C19	False						4.857028648373842	
development	0	66	0	C19	False						2.188592268950407	
development	0	67	0	C19	False						6.21934448410048	
development	0	68	0	C19	False						2.2296316080863448	
development	0	69	0	C19	False						1.3037400223541753	
development	0	70	0	C19	False						4.920102549731903	
development	0	71	0	C19	False						5.792162801065743	
development	0	72	0	C19	False						-0.25124892239073826	
development	0	73	0	C19	False						3.7260490093688623	
development	0	74	0	C19	False						5.661158330084789	
development	0	75	0	C19	False						1.6758034361729903	
development	0	76	0	C19	False						3.0636526883460977	
development	0	77	0	C19	False						5.079154033835616	
development	0	78	0	C19	False						4.385502438443343	
development	0	79	0	C19	False						4.907406500172004	
development	0	80	0	C19	False						2.439583612637672	
development	0	81	0	C19	False						3.0421403897705845	
development	0	82	0	C19	False						1.825167573258655	
development	0	83	0	C19	False						2.3145136873632204	
development	0	84	0	C19	False						6.408040980781882	
development	0	85	0	C19	False						0.759742676567439	
development	0	86	0	C19	False						1.1011486376007138	
development	0	87	0	C19	False						1.7297958597135064	
development	0	88	0	C19	False						7.215468378655065	
development	0	89	0	C19	False						0.7958900985538943	
development	0	90	0	C19	False						2.5513396045932524	
development	0	91	0	C19	False						5.250597577914716	
development	0	92	0	C19	False						0.5747341677819505	
development	0	93	0	C19	False						2.5470809482384364	
development	0	94	0	C19	False						-1.1899937410520438	
development	0	95	0	C19	False						2.2657609549432816	
development	0	96	0	C19	False						3.2100075572606204	
development	0	97	0	C19	False						4.037830176744469	
development	0	98	0	C19	False						1.8021669142229686	
development	0	99	0	C19	False						3.54178608747659	
development	0	100	0	C19	False						3.2023018366499296	
development	0	101	0	C19	False						-0.4797136072143339	
development	0	102	0	C19	False						5.459867075626262	
development	0	103	0	C19	False						2.1541819274413685	
development	0	104	0	C19	False						3.55940964576743	
development	0	105	0	C19	False						0.9486632647009249	
development	0	106	0	C19	False						6.723141623492198	
development	0	107	0	C19	False						3.4953316056854993	
development	0	108	0	C19	False						4.120229487657111	
development	0	109	0	C19	False						2.816815221672917	
development	0	110	0	C19	False						2.2195443656584035	
development	0	111	0	C19	False						1.7468482944736365	
development	0	112	0	C19	False						3.3290374658445367	
development	0	113	0	C19	False						5.366931991991817	
development	0	114	0	C19	False						2.803330856721655	
development	0	115	0	C19	False						2.2509875007196696	
development	0	116	0	C19	False						2.97051983232069	
development	0	117	0	C19	False						3.4979203230778584	
development	0	118	0	C19	False						3.8290636487461627	
development	0	119	0	C19	False						4.82142425827335	
development	0	120	0	C19	False						3.7675121336296873	
development	0	121	0	C19	False						4.464009920882813	
development	0	122	0	C19	False						3.2784568930290994	
development	0	123	0	C19	False						3.0577771205899404	
development	0	124	0	C19	False						2.8531439339065483	
development	0	125	0	C19	False						4.161559023823951	
development	0	126	0	C19	False						0.7857938713622784	
development	0	127	0	C19	False						4.7152184193057085	
test	1	0	0	C19	False	0.0	0.0	-	25.0	-25.0	3.7449517201361133	0.0
test	1	1	0	C19	False	27.0	25.0	+	25.0	0.0	2.261627648099135	1.0
test	1	2	0	C19	False	57.0	57.0	-	25.0	32.0	4.770706733299286	0.0
test	1	3	0	C19	False	0.0	-2.0	+	25.0	-27.0	3.5140282769386912	0.0
test	1	4	0	C19	False	30.0	30.0	-	25.0	5.0	4.2067965511583685	0.4117647058823529
test	1	5	0	C19	False	64.0	64.0	-	25.0	39.0	5.787717002507498	0.0
test	1	6	0	C19	False	3.0	1.0	+	25.0	-24.0	3.6054120155106144	0.0
test	1	7	0	C19	False	16.0	14.0	+	25.0	-11.0	2.5155372065342068	0.043478260869565216
test	1	8	0	C19	False	46.0	46.0	-	25.0	21.0	5.621597401235131	0.0
test	1	9	0	C19	False	65.0	65.0	-	25.0	40.0	4.992005896451389	0.0
test	1	10	0	C19	False	18.0	18.0	-	25.0	-7.0	4.319976584544032	0.2631578947368421
test	1	11	0	C19	False	23.0	23.0	-	25.0	-2.0	3.564290797587951	0.7142857142857143
test	1	12	0	C19	False	31.0	31.0	-	25.0	6.0	3.154762965732634	0.3333333333333333
test	1	13	0	C19	False	71.0	69.0	+	25.0	44.0	6.071395710836088	0.0
test	1	14	0	C19	False	20.0	18.0	+	25.0	-7.0	4.423115691576521	0.2631578947368421
test	1	15	0	C19	False	56.0	54.0	+	25.0	29.0	6.063545691674524	0.0
test	1	16	0	C19	False	29.0	27.0	+	25.0	2.0	6.632035454372374	0.7142857142857143
test	1	17	0	C19	False	28.0	28.0	-	25.0	3.0	4.769563455896863	0.6
test	1	18	0	C19	False	8.0	6.0	+	25.0	-19.0	3.0636526883460977	0.0
test	1	19	0	C19	False	51.0	51.0	-	25.0	26.0	5.234495268302071	0.0
test	1	20	0	C19	False	59.0	59.0	-	25.0	34.0	2.360276053951719	0.0
test	1	21	0	C19	False	27.0	25.0	+	25.0	0.0	3.9084810752479315	1.0
test	1	22	0	C19	False	49.0	47.0	+	25.0	22.0	3.804848071692421	0.0
test	1	23	0	C19	False	6.0	4.0	+	25.0	-21.0	4.228110232969043	0.0
test	1	24	0	C19	False	30.0	28.0	+	25.0	3.0	4.804776663656278	0.6
test	1	25	0	C19	False	34.0	34.0	-	25.0	9.0	5.571238664884599	0.14285714285714285
test	1	26	0	C19	False	20.0	18.0	+	25.0	-7.0	7.552497058312028	0.2631578947368421
test	1	27	0	C19	False	30.0	28.0	+	25.0	3.0	2.903231507708006	0.6
test	1	28	0	C19	False	28.0	26.0	+	25.0	1.0	3.951900809415563	0.8461538461538461
test	1	29	0	C19	False	9.0	7.0	+	25.0	-18.0	5.337918692906542	0.0
test	1	30	0	C19	False	35.0	35.0	-	25.0	10.0	1.7263479706619838	0.09090909090909091
test	1	31	0	C19	False	67.0	67.0	-	25.0	42.0	1.2682769402783265	0.0
test	1	32	0	C19	False	29.0	29.0	-	25.0	4.0	3.898280911853882	0.5
test	1	33	0	C19	False	45.0	43.0	+	25.0	18.0	6.791973128479407	0.0
test	1	34	0	C19	False	49.0	47.0	+	25.0	22.0	2.1331962078185063	0.0
test	1	35	0	C19	False	30.0	30.0	-	25.0	5.0	6.437054279867156	0.4117647058823529
test	1	36	0	C19	False	17.0	17.0	-	25.0	-8.0	2.585291585410597	0.2
test	1	37	0	C19	False	30.0	28.0	+	25.0	3.0	3.778362794270299	0.6
test	1	38	0	C19	False	27.0	25.0	+	25.0	0.0	3.4794518330917192	1.0
test	1	39	0	C19	False	31.0	29.0	+	25.0	4.0	1.9990649184248834	0.5
test	1	40	0	C19	False	27.0	25.0	+	25.0	0.0	5.502352052667867	1.0
test	1	41	0	C19	False	30.0	28.0	+	25.0	3.0	6.395669445650964	0.6
test	1	42	0	C19	False	29.0	27.0	+	25.0	2.0	4.438971264287934	0.7142857142857143
test	1	43	0	C19	False	52.0	50.0	+	25.0	25.0	4.3134628440809335	0.0
test	1	44	0	C19	False	40.0	38.0	+	25.0	13.0	3.6608159960605064	0.0
test	1	45	0	C19	False	32.0	32.0	-	25.0	7.0	2.610031863932197	0.2631578947368421
test	1	46	0	C19	False	39.0	39.0	-	25.0	14.0	4.254891051923982	0.0
test	1	47	0	C19	False	1.0	1.0	-	25.0	-24.0	6.1670328868151	0.0
test	1	48	0	C19	False	28.0	28.0	-	25.0	3.0	3.3435904802549743	0.6
test	1	49	0	C19	False	12.0	12.0	-	25.0	-13.0	5.620863334471795	0.0
test	1	50	0	C19	False	27.0	25.0	+	25.0	0.0	5.921181131430028	1.0
test	1	51	0	C19	False	27.0	25.0	+	25.0	0.0	5.502352052667867	1.0
test	1	52	0	C19	False	29.0	29.0	-	25.0	4.0	6.092787220895855	0.5
test	1	53	0	C19	False	30.0	30.0	-	25.0	5.0	-0.012940901420402107	0.4117647058823529
test	1	54	0	C19	False	30.0	28.0	+	25.0	3.0	5.086324901662752	0.6
test	1	55	0	C19	False	60.0	60.0	-	25.0	35.0	3.986663054523518	0.0
test	1	56	0	C19	False	27.0	25.0	+	25.0	0.0	6.280597847784662	1.0
test	1	57	0	C19	False	9.0	9.0	-	25.0	-16.0	4.269005434415799	0.0
test	1	58	0	C19	False	27.0	25.0	+	25.0	0.0	4.986310600559625	1.0
test	1	59	0	C19	False	30.0	28.0	+	25.0	3.0	3.5541793224553127	0.6
test	1	60	0	C19	False	28.0	26.0	+	25.0	1.0	4.762325396793248	0.8461538461538461
test	1	61	0	C19	False	30.0	30.0	-	25.0	5.0	5.408485129879123	0.4117647058823529
test	1	62	0	C19	False	32.0	32.0	-	25.0	7.0	2.962969324813615	0.2631578947368421
test	1	63	0	C19	False	27.0	25.0	+	25.0	0.0	4.735987245688387	1.0
test	1	64	0	C19	False	17.0	17.0	-	25.0	-8.0	5.966422889792472	0.2
test	1	65	0	C19	False	46.0	46.0	-	25.0	21.0	1.6000554704942958	0.0
test	1	66	0	C19	False	29.0	27.0	+	25.0	2.0	4.15742302628146	0.7142857142857143
test	1	67	0	C19	False	43.0	41.0	+	25.0	16.0	2.0604144978103385	0.0
test	1	68	0	C19	False	0.0	-2.0	+	25.0	-27.0	3.418818663289206	0.0
test	1	69	0	C19	False	30.0	30.0	-	25.0	5.0	2.7599933998553055	0.4117647058823529
test	1	70	0	C19	False	50.0	50.0	-	25.0	25.0	5.5073284347346885	0.0
test	1	71	0	C19	False	21.0	21.0	-	25.0	-4.0	2.058438143606534	0.5
test	1	72	0	C19	False	0.0	-2.0	+	25.0	-27.0	4.690531787515604	0.0
test	1	73	0	C19	False	28.0	28.0	-	25.0	3.0	4.048349357632382	0.6
test	1	74	0	C19	False	44.0	42.0	+	25.0	17.0	3.157569637663177	0.0
test	1	75	0	C19	False	27.0	25.0	+	25.0	0.0	3.066545924206834	1.0
test	1	76	0	C19	False	19.0	19.0	-	25.0	-6.0	5.215036346860732	0.3333333333333333
test	1	77	0	C19	False	49.0	49.0	-	25.0	24.0	2.4918115279229935	0.0
test	1	78	0	C19	False	29.0	29.0	-	25.0	4.0	3.6581577203766944	0.5
test	1	79	0	C19	False	40.0	38.0	+	25.0	13.0	3.8199159321576057	0.0
test	1	80	0	C19	False	28.0	26.0	+	25.0	1.0	4.882243514376832	0.8461538461538461
test	1	81	0	C19	False	25.0	23.0	+	25.0	-2.0	4.661938788293292	0.7142857142857143
test	1	82	0	C19	False	43.0	43.0	-	25.0	18.0	2.307500130082403	0.0
test	1	83	0	C19	False	22.0	22.0	-	25.0	-3.0	5.340427814672027	0.6
test	1	84	0	C19	False	0.0	-2.0	+	25.0	-27.0	4.050137398058597	0.0
test	1	85	0	C19	False	27.0	25.0	+	25.0	0.0	1.9069232680901023	1.0
test	1	86	0	C19	False	56.0	54.0	+	25.0	29.0	3.5838496904067645	0.0
test	1	87	0	C19	False	21.0	21.0	-	25.0	-4.0	3.952991212248238	0.5
test	1	88	0	C19	False	27.0	25.0	+	25.0	0.0	4.986310600559625	1.0
test	1	89	0	C19	False	63.0	63.0	-	25.0	38.0	1.1111268598120223	0.0
test	1	90	0	C19	False	27.0	25.0	+	25.0	0.0	4.444601299923445	1.0
test	1	91	0	C19	False	18.0	16.0	+	25.0	-9.0	3.589987798897033	0.14285714285714285
test	1	92	0	C19	False	18.0	18.0	-	25.0	-7.0	2.6446183812033914	0.2631578947368421
test	1	93	0	C19	False	27.0	25.0	+	25.0	0.0	3.2408834443880044	1.0
test	1	94	0	C19	False	31.0	29.0	+	25.0	4.0	3.8894032254208155	0.5
test	1	95	0	C19	False	1.0	-1.0	+	25.0	-26.0	4.1811912465037855	0.0
test	1	96	0	C19	False	25.0	23.0	+	25.0	-2.0	2.1389944061914785	0.7142857142857143
test	1	97	0	C19	False	30.0	28.0	+	25.0	3.0	3.0789984130891854	0.6
test	1	98	0	C19	False	32.0	32.0	-	25.0	7.0	4.228161103871256	0.2631578947368421
test	1	99	0	C19	False	46.0	46.0	-	25.0	21.0	0.7052866897509239	0.0
test	1	100	0	C19	False	51.0	49.0	+	25.0	24.0	3.3812992437505986	0.0
test	1	101	0	C19	False	1.0	1.0	-	25.0	-24.0	2.827832838914569	0.0
test	1	102	0	C19	False	11.0	11.0	-	25.0	-14.0	1.1355734227365364	0.0
test	1	103	0	C19	False	71.0	69.0	+	25.0	44.0	3.5169181267409364	0.0
test	1	104	0	C19	False	70.0	70.0	-	25.0	45.0	3.7260490093688623	0.0
test	1	105	0	C19	False	68.0	66.0	+	25.0	41.0	2.8651158716702363	0.0
test	1	106	0	C19	False	29.0	27.0	+	25.0	2.0	4.269836348463949	0.7142857142857143
test	1	107	0	C19	False	28.0	28.0	-	25.0	3.0	1.2520178014728807	0.6
test	1	108	0	C19	False	30.0	30.0	-	25.0	5.0	5.9500293044027055	0.4117647058823529
test	1	109	0	C19	False	27.0	25.0	+	25.0	0.0	1.331059703653244	1.0
test	1	110	0	C19	False	68.0	66.0	+	25.0	41.0	1.376408553970206	0.0
test	1	111	0	C19	False	2.0	2.0	-	25.0	-23.0	4.026628062788324	0.0
test	1	112	0	C19	False	22.0	20.0	+	25.0	-5.0	0.8745506382639681	0.4117647058823529
test	1	113	0	C19	False	27.0	25.0	+	25.0	0.0	4.14860426672512	1.0
test	1	114	0	C19	False	12.0	10.0	+	25.0	-15.0	5.518037957956059	0.0
test	1	115	0	C19	False	28.0	28.0	-	25.0	3.0	1.5693033924008852	0.6
test	1	116	0	C19	False	27.0	25.0	+	25.0	0.0	3.1353687561584396	1.0
test	1	117	0	C19	False	46.0	46.0	-	25.0	21.0	3.0371185786848085	0.0
test	1	118	0	C19	False	42.0	42.0	-	25.0	17.0	4.543033809160104	0.0
test	1	119	0	C19	False	54.0	54.0	-	25.0	29.0	3.156932957042017	0.0
test	1	120	0	C19	False	18.0	16.0	+	25.0	-9.0	3.6728624715725484	0.14285714285714285
test	1	121	0	C19	False	30.0	28.0	+	25.0	3.0	1.1902862215943415	0.6
test	1	122	0	C19	False	29.0	29.0	-	25.0	4.0	3.9632084715524076	0.5
test	1	123	0	C19	False	32.0	32.0	-	25.0	7.0	5.5475938110303105	0.2631578947368421
test	1	124	0	C19	False	5.0	5.0	-	25.0	-20.0	3.6250730189368547	0.0
test	1	125	0	C19	False	64.0	64.0	-	25.0	39.0	3.9981140502953854	0.0
test	1	126	0	C19	False	25.0	23.0	+	25.0	-2.0	4.612086848949491	0.7142857142857143
test	1	127	0	C19	False	34.0	32.0	+	25.0	7.0	3.6596727186580833	0.2631578947368421
test	0	0	0	C19	False						3.104853994029551	
test	0	1	0	C19	False						4.983482550941252	
test	0	2	0	C19	False						1.269969130729474	
test	0	3	0	C19	False						2.779469426977419	
test	0	4	0	C19	False						2.6666052889210166	
test	0	5	0	C19	False						4.32083948467974	
test	0	6	0	C19	False						3.524878920284683	
test	0	7	0	C19	False						3.2499888223568636	
test	0	8	0	C19	False						2.198165522159771	
test	0	9	0	C19	False						2.5753593129860026	
test	0	10	0	C19	False						4.5707787960446185	
test	0	11	0	C19	False						6.250263827843227	
test	0	12	0	C19	False						-1.1284843631037678	
test	0	13	0	C19	False						2.325172151033844	
test	0	14	0	C19	False						3.7528599673377783	
test	0	15	0	C19	False						1.2034811399739584	
test	0	16	0	C19	False						2.4342666788342058	
test	0	17	0	C19	False						1.909044349778447	
test	0	18	0	C19	False						2.271821719479525	
test	0	19	0	C19	False						4.79863855516601	
test	0	20	0	C19	False						4.77710846361105	
test	0	21	0	C19	False						4.361763494078253	
test	0	22	0	C19	False						4.66228326191626	
test	0	23	0	C19	False						5.196108463838407	
test	0	24	0	C19	False						4.3010218420855715	
test	0	25	0	C19	False						3.3490675559924354	
test	0	26	0	C19	False						5.33487078006473	
test	0	27	0	C19	False						3.879843633741458	
test	0	28	0	C19	False						0.2548891226344415	
test	0	29	0	C19	False						4.292710454288866	
test	0	30	0	C19	False						1.8260221762779816	
test	0	31	0	C19	False						1.8063309734859159	
test	0	32	0	C19	False						6.616358215240862	
test	0	33	0	C19	False						2.109227055615635	
test	0	34	0	C19	False						2.5851996388572824	
test	0	35	0	C19	False						3.2100962455220325	
test	0	36	0	C19	False						4.252808714090049	
test	0	37	0	C19	False						1.7300336515785828	
test	0	38	0	C19	False						7.18366242163686	
test	0	39	0	C19	False						4.124204730397941	
test	0	40	0	C19	False						3.6257407207321832	
test	0	41	0	C19	False						3.9632084715524076	
test	0	42	0	C19	False						4.568321578902571	
test	0	43	0	C19	False						3.6695761257411457	
test	0	44	0	C19	False						-1.7260488564169507	
test	0	45	0	C19	False						1.177445508130686	
test	0	46	0	C19	False						5.7780538333176255	
test	0	47	0	C19	False						7.233375779485469	
test	0	48	0	C19	False						0.9085018313811746	
test	0	49	0	C19	False						3.825973453097707	
test	0	50	0	C19	False						2.976504550961872	
test	0	51	0	C19	False						2.8849498909247546	
test	0	52	0	C19	False						7.574613222679131	
test	0	53	0	C19	False						2.950403641304894	
test	0	54	0	C19	False						4.9879088822868525	
test	0	55	0	C19	False						2.1758249082989702	
test	0	56	0	C19	False						4.414322363962124	
test	0	57	0	C19	False						3.2148322495931656	
test	0	58	0	C19	False						4.221290195226753	
test	0	59	0	C19	False						4.32045544117338	
test	0	60	0	C19	False						0.7871477892515442	
test	0	61	0	C19	False						2.6179428448499107	
test	0	62	0	C19	False						4.438971264287934	
test	0	63	0	C19	False						3.2858984545545256	
test	0	64	0	C19	False						1.61553732232516	
test	0	65	0	C19	False						1.4512891799380356	
test	0	66	0	C19	False						1.1095717369124247	
test	0	67	0	C19	False						4.768931575925199	
test	0	68	0	C19	False						5.335168011408136	
test	0	69	0	C19	False						0.7098292875484608	
test	0	70	0	C19	False						4.187273051546146	
test	0	71	0	C19	False						6.095351648692731	
test	0	72	0	C19	False						2.574509623880329	
test	0	73	0	C19	False						6.6771774713443435	
test	0	74	0	C19	False						3.0289564530568063	
test	0	75	0	C19	False						3.8045026773265507	
test	0	76	0	C19	False						5.745992621390538	
test	0	77	0	C19	False						2.37412188280435	
test	0	78	0	C19	False						2.3187175013207115	
test	0	79	0	C19	False						6.536728498770871	
test	0	80	0	C19	False						1.7880566164214846	
test	0	81	0	C19	False						3.410781616495637	
test	0	82	0	C19	False						7.237277657855863	
test	0	83	0	C19	False						1.7269236298012531	
test	0	84	0	C19	False						5.230374727862292	
test	0	85	0	C19	False						2.5578234849536408	
test	0	86	0	C19	False						4.138112963658053	
test	0	87	0	C19	False						0.300378044873747	
test	0	88	0	C19	False						2.3421821071049136	
test	0	89	0	C19	False						0.5375716455008729	
test	0	90	0	C19	False						6.274057535977706	
test	0	91	0	C19	False						4.7051333459984965	
test	0	92	0	C19	False						3.459699032160195	
test	0	93	0	C19	False						0.41108070115120626	
test	0	94	0	C19	False						3.182819717050086	
test	0	95	0	C19	False						1.5639010849838817	
test	0	96	0	C19	False						1.4526571118249132	
test	0	97	0	C19	False						1.811522502716257	
test	0	98	0	C19	False						5.9348581736855355	
test	0	99	0	C19	False						4.426388887645666	
test	0	100	0	C19	False						3.433031071698117	
test	0	101	0	C19	False						-0.7574628128447307	
test	0	102	0	C19	False						3.9013711075023374	
test	0	103	0	C19	False						2.546390826393641	
test	0	104	0	C19	False						6.20286763072097	
test	0	105	0	C19	False						4.04013188036811	
test	0	106	0	C19	False						1.2180087249403417	
test	0	107	0	C19	False						2.5179029350309268	
test	0	108	0	C19	False						3.564290797587951	
test	0	109	0	C19	False						3.037598362223349	
test	0	110	0	C19	False						1.6517131811884893	
test	0	111	0	C19	False						-0.9500157663395145	
test	0	112	0	C19	False						6.28016374020396	
test	0	113	0	C19	False						2.9019853545878997	
test	0	114	0	C19	False						4.920102549731902	
test	0	115	0	C19	False						0.026924051630882517	
test	0	116	0	C19	False						0.35540998079017794	
test	0	117	0	C19	False						-0.12459387373920111	
test	0	118	0	C19	False						4.531398571262482	
test	0	119	0	C19	False						2.551133455361547	
test	0	120	0	C19	False						2.2425124761224944	
test	0	121	0	C19	False						4.79147350353956	
test	0	122	0	C19	False						5.413797079503987	
test	0	123	0	C19	False						5.672724136848283	
test	0	124	0	C19	False						1.419134997425489	
test	0	125	0	C19	False						4.843351606118336	
test	0	126	0	C19	False						3.965057735931781	
test	0	127	0	C19	False						3.623405946065941	
