sigma	element	expected_window_offsets	n_positive	positive_with_hit	positive_rate_pct	n_null	null_with_hit	null_rate_pct	excess_pp	fold	odds_ratio	fisher_p	mode_offset	mode_count	upstream_pct	in_expected_window_pct	n_seqs_with_hit_in_expected_window
Sigma24	-35 box (TTGACA)	-37..-32	45	1	2.22	45	0	0.00	2.22	inf	inf	1.0000	-13	1	100.0	0.0	0
Sigma24	-10 box (TATAAT)	-12..-7	45	1	2.22	45	1	2.22	0.00	1.00	1.000	1.0000	-15	1	100.0	0.0	0
Sigma28	-35 box (TTGACA)	-37..-32	10	0	0.00	10	0	0.00	0.00	inf	NA	1.0000		0	NA	NA	0
Sigma28	-10 box (TATAAT)	-12..-7	10	0	0.00	10	0	0.00	0.00	inf	NA	1.0000		0	NA	NA	0
Sigma32	-35 box (TTGACA)	-37..-32	34	1	2.94	34	0	0.00	2.94	inf	inf	1.0000	-50	1	100.0	0.0	0
Sigma32	-10 box (TATAAT)	-12..-7	34	1	2.94	34	0	0.00	2.94	inf	inf	1.0000	-3	1	100.0	0.0	0
Sigma38	-35 box (TTGACA)	-37..-32	84	3	3.57	84	2	2.38	1.19	1.50	1.519	1.0000	-23	1	100.0	33.3	1
Sigma38	-10 box (TATAAT)	-12..-7	84	3	3.57	84	4	4.76	-1.19	0.75	0.741	1.0000	-16	1	100.0	25.0	1
Sigma54	-35 box (TTGACA)	-37..-32	14	0	0.00	14	0	0.00	0.00	inf	NA	1.0000		0	NA	NA	0
Sigma54	-10 box (TATAAT)	-12..-7	14	0	0.00	14	1	7.14	-7.14	0.00	0.000	1.0000		0	NA	NA	0
Sigma70	-35 box (TTGACA)	-37..-32	583	25	4.29	583	16	2.74	1.54	1.56	1.588	0.2029	-36	6	80.0	48.0	12
Sigma70	-10 box (TATAAT)	-12..-7	583	42	7.20	583	33	5.66	1.54	1.27	1.294	0.3396	-12	11	100.0	47.7	21
