source	split	positive_n	natural_n	positive_gc_mean	natural_gc_mean	difference_percentage_points	histogram_overlap_20_bins
tjupan_bacillus_subtilis	discovery	473	559	0.3298619267611516	0.4604783674551116	-13.061644069396	0.3028134656041632
tjupan_bacillus_subtilis	development	67	77	0.3270683618942325	0.45278178611511954	-12.571342422088705	0.3512308586935453
tjupan_baumannii	discovery	1099	959	0.3314910300048304	0.4134064547689852	-8.191542476415481	0.5195433140944322
tjupan_baumannii	development	162	130	0.33287608596250573	0.4062678062678063	-7.339172030530055	0.5874643874643874
tjupan_bradyrhizobium	discovery	1364	1383	0.6073820643713116	0.6497415709273988	-4.235950655608722	0.7410348322635777
tjupan_bradyrhizobium	development	171	168	0.5972131976030611	0.6500587889476778	-5.284559134461664	0.6814954051796157
tjupan_diphtheria	discovery	1186	1143	0.464961588907626	0.5531361049004677	-8.81745159928417	0.5177626405468287
tjupan_diphtheria	development	156	167	0.46699905033238365	0.5433577289864715	-7.635867865408786	0.5087517273146016
tjupan_escherichia_coli	discovery	1143	1183	0.44198178931337284	0.5294970935996577	-8.751530428628485	0.5672515787597555
tjupan_escherichia_coli	development	163	167	0.43293190941452697	0.517927108745472	-8.4995199330945	0.5551963557547482
tjupan_staphylococcus	discovery	1480	801	0.25754087420754085	0.3441223162405018	-8.658144203296098	0.41722846441947564
tjupan_staphylococcus	development	248	131	0.2520908004778973	0.3414381302422015	-8.934732976430421	0.4068579167692687
