motif	sequence_index	start0	end0	fragment
C00	240	35	45	GTTACATGAA
C00	106	34	44	AGTTGACATA
C00	247	48	58	ATTTGACATA
C00	181	56	66	ACCATTGACA
C00	178	41	51	ATCTTGACAT
C00	147	41	51	CATTGACATA
C00	158	15	25	CTTGACATAT
C00	5	12	22	TAATTGACAT
C00	193	37	47	AACTTGACAT
C00	202	35	45	TTTGACATAT
C00	8	45	55	GACATTCATA
C00	238	48	58	CTTGACATAT
C00	138	44	54	GAATTGACAT
C00	2	6	16	TGACAATTAG
C00	234	8	18	CTTTGACATA
C00	103	12	22	CTAATTGACA
C00	127	45	55	GTTTGACATA
C00	51	56	66	CATTACATTG
C00	42	56	66	CTTGACATAT
C00	80	56	66	TCTTGACATA
C00	114	32	42	TCTTGACATA
C00	126	8	18	GTTGACATAT
C00	122	57	67	TCTTGACATA
C00	146	67	77	CATTGACATA
C00	246	49	59	ACAATTGACA
C00	13	30	40	AAATTGACAT
C00	135	31	41	CTTTGACATA
C00	14	18	28	CGATTGACAT
C00	242	20	30	GCTTGACATA
C00	209	23	33	GTTATTGACA
C00	192	54	64	TTTGACATAT
C00	79	21	31	ACTTGACATA
C00	84	22	32	GTTTGACATA
C00	21	34	44	TGAGCATTAA
C00	219	52	62	TTTGACATAT
C00	56	20	30	CTTTGACATA
C00	217	56	66	GTTTGACATA
C00	109	36	46	GTTTGACATA
C00	104	22	32	ATTTGACATA
C00	136	59	69	CGATTGACAT
C00	19	39	49	GTTGACATAT
C00	59	38	48	GTTGACAATA
C00	215	55	65	TTGACATATA
C00	230	19	29	GTTTGACATA
C00	148	47	57	CATTGACATA
C00	98	44	54	AATTGACATA
C00	190	53	63	GATTCATAGA
C00	243	39	49	GCAATTACGT
C00	17	66	76	ACTTGACATA
C00	154	66	76	AATTGACATA
C00	87	10	20	GATTGACATA
C00	214	28	38	TTTGACATAT
C00	134	7	17	ATTACATGAG
C00	206	67	77	TGACATACAA
C00	99	25	35	GTTTGACATA
C00	26	56	66	AATTTGACAT
C00	169	34	44	CTTGACATAT
C00	254	45	55	GTTGACATAT
C00	199	22	32	AATTAGACAT
C00	90	42	52	GATAACATTG
C00	53	36	46	GCTTGACATA
C00	40	47	57	TGTTGACATA
C00	119	51	61	TATTTGACAT
C00	110	24	34	GCTTGACATA
C00	97	19	29	CTTTGACATA
C00	100	47	57	AGTTGACATA
C00	224	56	66	ATGATTCACG
C00	236	49	59	TTTGACATAT
C00	142	16	26	CAAATGACTA
C00	180	3	13	GTTGACATAT
C00	12	58	68	TCTTGACATA
C00	16	48	58	AACTTGACAT
C00	62	67	77	ATGCATTAAC
C00	63	33	43	GTTTGACATA
C00	226	23	33	TTTGACATAT
C00	235	28	38	ACATTGACAT
C00	71	37	47	CATTGACATA
C00	68	33	43	GGCAACATTA
C00	175	53	63	CTAATTGACA
C00	75	20	30	TTTGACATAT
C00	3	67	77	CTTTGACATA
C00	186	22	32	CTTATCATGT
C00	162	39	49	TTGTACAATC
C00	108	3	13	ATTTGACATA
C00	197	64	74	GAATTGACAT
C00	112	47	57	AGTTGACATA
C00	47	3	13	CTTGACATAT
C00	177	10	20	CTTTGACATA
C00	172	47	57	TACATTTCCG
C00	58	4	14	TTTCATGGCA
C00	43	39	49	GTTTGACATA
C00	11	59	69	CCATGATACT
C00	128	57	67	ACATTGACTT
C00	83	37	47	GTACTTGACA
C00	233	15	25	CATTGACATA
C00	107	13	23	ATTTGATCAC
C00	185	10	20	GTTGACATAT
C00	45	20	30	CATTGACATA
C00	188	57	67	GTTTGACATA
C00	129	30	40	AAGTTGACAT
C00	30	16	26	TCATTGACAT
C00	248	55	65	TTGAACGATA
C00	191	21	31	GGTTGACATA
C00	164	12	22	TTTGACATAT
C00	34	3	13	ACTTTGACAT
C00	151	45	55	TATGATTGCA
C00	125	69	79	ATACAATCGG
C00	91	19	29	CTTTGACATA
C00	168	34	44	GAACTGCATA
C00	228	6	16	CTTTGACATA
C00	155	45	55	CTTTGACATA
C00	41	9	19	CCATTGACAT
C00	222	55	65	AGATTGACAT
C00	7	30	40	ATCATGATTT
C00	173	52	62	ATTCAGATTG
C00	213	41	51	TAATACCACT
C00	194	0	10	GAATACATTG
C00	250	22	32	TGTTGACATA
C00	105	62	72	TAATACCATC
C00	251	45	55	ACGATCACAT
C00	94	37	47	TGTTGACATA
C00	86	23	33	TAACGTATGA
C00	253	13	23	CGTCATAATA
C00	23	47	57	ATTTCAGGAC
C00	201	47	57	TACGTTCAAT
C00	204	32	42	TTATGATGTA
C00	57	65	75	ATTAACAGGA
C00	189	10	20	ATTATGATCA
C00	113	9	19	ACGTTGACAT
C00	69	10	20	AGATTGACAT
C00	46	28	38	CAACAGTGTA
C00	140	58	68	AACACCGATA
C00	29	63	73	ACGACTGATA
C00	9	2	12	CAACATTTAG
C00	144	30	40	TCCATGATAT
C00	78	66	76	CGCATTTACG
C00	252	51	61	GTTGACATAT
C00	145	6	16	AATGACCTGT
C00	244	69	79	TTTTACACAT
C00	101	60	70	TTTGACATAT
C00	50	26	36	ACATTCATTA
C00	159	19	29	TCATTTGCGC
C00	133	4	14	ACCATTTCGT
C00	55	53	63	CAACATTACA
C00	70	17	27	ATCGATCATT
C00	32	8	18	AGACAAGCAT
C00	44	56	66	TCATTGACAT
C00	64	12	22	AAATACACAT
C00	223	27	37	ATCACCATAT
C00	123	68	78	GAGACAACTT
C00	149	55	65	TTGAACACAA
C01	77	51	61	CAATATTTAA
C01	166	35	45	AATTTACAAA
C01	41	67	77	TACATTTAAA
C01	140	49	59	ATTATTAACA
C01	161	14	24	TACCAAAATT
C01	181	51	61	TAATAACCAT
C01	85	3	13	TACCAAATTA
C01	106	52	62	TTAACAAATA
C01	61	35	45	GAAATTACAA
C01	214	16	26	TAAAACATTA
C01	95	13	23	CATTTAAATA
C01	19	22	32	TACAAATTAT
C01	67	7	17	AAATTAACAT
C01	69	65	75	ACTTCAATAA
C01	190	17	27	ATTTCAATAA
C01	230	27	37	TATAATTTCA
C01	42	41	51	TCATTAAATA
C01	124	16	26	CAAATAATTA
C01	97	44	54	GTTAATAAAC
C01	39	25	35	ATAAATTAGC
C01	171	37	47	CTAAATTTAC
C01	249	67	77	AAATATTAAC
C01	64	33	43	AATTTAAATA
C01	126	70	80	TTCAATTAAC
C01	40	62	72	AATTACTTAA
C01	156	24	34	ATTCAAATAT
C01	20	39	49	GCATTTAAAA
C01	15	9	19	CTACAAATTG
C01	66	7	17	CCAATTTAAC
C01	243	51	61	CAGAATTTAA
C01	98	33	43	TTAATTAAGC
C01	211	21	31	AACAATTATA
C01	206	46	56	CAAACTTAAT
C01	4	34	44	TTTAACAAAA
C01	45	32	42	ATTAAAGATA
C01	232	4	14	TAATTAACAA
C01	78	44	54	TGAAATAATA
C01	164	24	34	TTATAAAACA
C01	231	11	21	ATAACAATTT
C01	91	63	73	ATAAATTTGA
C01	155	25	35	TACATTTAAA
C01	127	69	79	ACTTTAAATT
C01	96	28	38	AAATAACTTT
C01	205	69	79	TCATTAAACT
C01	27	11	21	ACATTTTAAA
C01	248	67	77	CTATTTCAAA
C01	2	55	65	AATTAAACGT
C01	58	37	47	TACATAAATT
C01	142	26	36	TTTTAAATGT
C01	159	10	20	ATTACAAAAT
C01	132	26	36	TACAAATTTG
C01	193	20	30	TTAAATTACA
C01	12	18	28	AAACAATTAT
C01	120	43	53	AAATAATTGA
C01	89	13	23	AAATACATTT
C01	175	50	60	GAACTAATTG
C01	219	11	21	ATTTATAAAA
C01	49	46	56	GAATTAACTA
C01	92	22	32	ATCTAAATTT
C01	217	15	25	ATTTACTAAA
C01	84	29	39	ATATAATTTT
C01	55	62	72	AAAAATATTG
C01	115	12	22	AAATTGACAT
C01	226	56	66	ATAAACAAAT
C01	216	59	69	TTTATAAATG
C01	51	26	36	TTTTAACCAT
C01	128	7	17	TTAAAGCAAT
C01	240	55	65	TTCAATTAAA
C01	141	24	34	ATTTAAACAC
C01	183	41	51	AAATTTGTAC
C01	238	2	12	TAATTTAAAT
C01	111	51	61	ATTAATCCAT
C01	131	64	74	TGATAATTAA
C01	16	12	22	TTTAATGCAA
C01	18	4	14	CAAATTAATT
C01	136	54	64	TAAAACGATT
C01	148	61	71	TTATAACTAA
C01	185	47	57	ATTTAAAACT
C01	8	59	69	ATACCAATAA
C01	182	14	24	TTAATTGACA
C01	221	20	30	AATTTGTTAA
C01	88	31	41	CTTATTTAAA
C01	79	32	42	AATAATGAAC
C01	75	8	18	TTAATTCAAG
C01	65	58	68	CTATCAAATT
C01	63	70	80	TCCTTATAAA
C01	130	27	37	TTACAAAACT
C01	72	2	12	ATTAAATGTA
C01	103	56	66	TAATAATTTA
C01	101	29	39	ATAATAAACA
C01	24	37	47	TAATTTCTAA
C01	202	11	21	ATTTTCGAAA
C01	195	16	26	ACGAAATAAA
C01	233	22	32	ATATAATCAA
C01	223	57	67	ATAATTTCAA
C01	70	45	55	TTAATTAAAT
C01	228	26	36	TAAACCAATC
C01	37	10	20	ATTAAATTCT
C01	192	23	33	ATGAATTAAT
C01	246	62	72	AATGTAAAAC
C01	32	29	39	TGTTTAAAAT
C01	60	35	45	CAAATAACTT
C01	234	44	54	CTAATAAAAC
C01	0	3	13	ATAAAACACA
C01	229	64	74	AAAACTTTAC
C01	90	70	80	ATTAAACGTA
C02	23	25	35	AACTACTATT
C02	215	45	55	TTATAAGACT
C02	193	34	44	AGTAACTTGA
C02	206	54	64	ATTCTACAGT
C02	82	18	28	TTTACTTACA
C02	191	7	17	TTACTTACTA
C02	224	8	18	AAGTACTTTC
C02	177	6	16	CTACCTTTGA
C02	119	46	56	AACACTATTT
C02	108	25	35	TTCCTACTTA
C02	73	9	19	AATCTACTTA
C02	90	30	40	TTATACTCAT
C02	122	33	43	TCTACTTGAT
C02	173	46	56	TCTACTATTC
C02	19	17	27	CTATCTACAA
C02	231	61	71	GACTTTAATG
C02	5	26	36	TCTTTACAGA
C02	244	51	61	TGTTAGACCT
C02	190	11	21	CTACTTATTT
C02	105	59	69	GCTTAATACC
C02	230	68	78	TTGACTATAA
C02	37	53	63	GTACCTATTA
C02	164	44	54	CTTAGACATA
C02	185	58	68	TACTTCTGTA
C02	28	32	42	TACTTGTAAA
C02	165	56	66	ATTATCACTA
C02	93	30	40	AACCTATTGA
C02	160	24	34	TATTACATCT
C02	245	31	41	GGTACTTTAC
C02	217	17	27	TTACTAAACA
C02	169	21	31	ATTACTAAAC
C02	207	3	13	AAGACTTTAT
C02	56	14	24	AACTACCTTT
C02	236	59	69	AATTCACTAC
C02	111	62	72	CAGTCTTTAT
C02	213	66	76	TCTTACTTAT
C02	70	71	81	TTTACTATTC
C02	2	21	31	TTAGCTTACA
C02	86	14	24	TTAGTTGACT
C02	133	67	77	TTTCTACCAG
C02	17	63	73	TATACTTGAC
C02	176	48	58	TTACTACTCA
C02	51	40	50	TTTCTAACTG
C02	249	45	55	TACTTATGAA
C02	163	68	78	TTATTACGCT
C02	118	33	43	AATACTTGCA
C02	36	54	64	ACCTTATTGA
C02	0	17	27	ATATACTTTG
C02	42	26	36	TAGATTACTA
C02	24	61	71	TGTACTTATA
C02	58	32	42	TATCCTACAT
C02	41	42	52	ATTACCTATT
C02	148	65	75	AACTAAGTTT
C02	49	50	60	TAACTAAGTT
C02	127	57	67	ATTTACTTCT
C02	210	39	49	TTTACTTACA
C02	113	32	42	ACCGTCTTAC
C02	196	59	69	CGCTTAACCT
C02	192	3	13	AACCTTTACA
C02	106	70	80	GGACCTAATA
C02	9	5	15	CATTTAGCCG
C02	195	5	15	CTTACATCTA
C02	219	38	48	TTTGTACTAC
C02	11	63	73	GATACTATTT
C02	172	30	40	TTTCACTAAG
C02	212	5	15	TCCACTTAAA
C02	67	69	79	AGATTACTTG
C02	168	45	55	AGTACTTATG
C02	29	31	41	ATCTTAGACT
C02	142	41	51	TTCTAAACCT
C02	84	67	77	CATTACTTAA
C02	151	61	71	ACCTAATTCT
C02	234	23	33	TTACACTTTG
C02	45	39	49	ATACCGTTAT
C02	16	46	56	ATAACTTGAC
C02	250	8	18	ATTACCTAGG
C02	20	33	43	ACTTTAGCAT
C02	218	45	55	AAACTTACTA
C02	248	62	72	ATATACTATT
C02	153	33	43	ACTATACTTT
C02	228	70	80	ACTTTACTAA
C02	74	68	78	TACATACTCG
C02	88	41	51	TCTACCAATT
C02	241	69	79	AACCTTGTTA
C02	50	49	59	CTCTTACACA
C02	180	50	60	ATAACTACTT
C02	184	5	15	ACCAACTTAT
C02	78	53	63	ACTAACAGAC
C02	211	67	77	TAATTACTTT
C02	221	30	40	TAGTTTATCT
C02	135	1	11	TCTTACAGGT
C02	12	0	10	CTACTCTAAT
C02	253	1	11	TTACTTAGTT
C02	65	12	22	TCATACTATA
C02	63	2	12	TAACTATACG
C02	81	43	53	GCAATTACCT
C02	21	40	50	TTAACACCTA
C02	15	36	46	AATCTACGCT
C02	43	22	32	AACTTCTACA
C02	154	2	12	ATACCTTGTG
C02	96	31	41	TAACTTTAGG
C02	62	71	81	ATTAACTCTC
C02	251	69	79	CACTAGAACT
C02	131	4	14	CACTAAGTTT
C02	205	6	16	TATACTAAGT
C02	39	66	76	ACTAGGATTC
C02	34	1	11	ATACTTTGAC
C02	89	38	48	TTATACCTTT
C02	138	13	23	CTCCTAATTT
C02	91	8	18	TAAACTACGT
C02	55	37	47	CTTACTTATG
C02	27	38	48	CACTACGATA
C02	155	1	11	TTCACTTATT
C02	146	56	66	TGTACACTCT
C02	87	51	61	TTTAACGATA
C02	229	67	77	ACTTTACTGG
C02	145	14	24	GTACTATACC
C02	214	0	10	CTACGTATTT
C02	157	1	11	GTTTACTAAT
C02	166	60	70	TAATACTTCT
C02	130	1	11	AACCTATTTG
C02	121	25	35	ACTACTAATC
C02	115	1	11	TTCTAACTTC
C02	123	69	79	AGACAACTTC
C02	128	2	12	ACACTTTAAA
C02	141	70	80	GGACTTTCTA
C03	240	27	37	ATATAATAGT
C03	113	18	28	TATAATTAGA
C03	102	20	30	CATATAATAG
C03	18	38	48	ATATAAGATT
C03	193	44	54	CATATAATAA
C03	220	24	34	TAATAGATAC
C03	41	20	30	TAATATTAGT
C03	227	65	75	TATATAGAAT
C03	125	64	74	TAGATATACA
C03	93	41	51	ATATAATAGA
C03	157	7	17	TAATAATTAG
C03	63	9	19	ACGATATTAA
C03	74	30	40	AATATACTAG
C03	178	49	59	ATATAATAGC
C03	168	19	29	ATATAATAAG
C03	145	54	64	AGTATAATAC
C03	180	44	54	TAATAGATAA
C03	248	35	45	ATACATAGAT
C03	136	67	77	ATATAATAGA
C03	104	29	39	ATATAATAGA
C03	213	17	27	GATAATCTAA
C03	100	67	77	CGTAATAGAT
C03	224	3	13	TATATAAGTA
C03	83	57	67	AATAGTATTA
C03	204	14	24	ATATAATACT
C03	216	16	26	TAATAACTAG
C03	203	6	16	TCAGTATATT
C03	179	27	37	TATAATAACT
C03	129	44	54	TAAGTATAAT
C03	254	52	62	TATAATAGTG
C03	176	5	15	TACTTAATAG
C03	77	32	42	TAGAATATAT
C03	153	62	72	AATATAGATA
C03	90	54	64	ATATAATAGA
C03	34	16	26	ATATAATAGA
C03	242	41	51	TATGAATACT
C03	112	69	79	CGATAGTATA
C03	137	51	61	ATATCTATGA
C03	26	27	37	AATAGTATAT
C03	32	50	60	AAACTATATA
C03	174	45	55	TATAATATCA
C03	45	44	54	GTTATATATC
C03	23	65	75	TATAACAATA
C03	200	15	25	AACTATATAC
C03	188	26	36	AATTATCTAA
C03	57	37	47	ATCTAATACG
C03	14	63	73	TGTATAAATA
C03	86	0	10	TATATAAGTC
C03	235	38	48	ATAATAACTA
C03	241	44	54	ATATAATAGA
C03	109	70	80	TCATAGATAA
C03	21	16	26	AAGATAATAT
C03	142	67	77	ATACTATATG
C03	110	31	41	ATATAATCAG
C03	215	4	14	GATATAATCT
C03	237	26	36	CGAGTATTAT
C03	201	42	52	TAATATACGT
C03	9	19	29	TAGATAATTA
C03	56	7	17	AAATATGAAC
C03	177	55	65	ATTATTATAA
C03	186	44	54	ATATAATAGG
C03	60	4	14	AAGATAAATA
C03	7	58	68	TATTTATAGT
C03	43	47	57	TATAATAACT
C03	199	30	40	ATGATATAGA
C03	127	0	10	CGTAATCTAG
C03	133	46	56	GTTATAGTAT
C03	1	13	23	ATATCTTTAG
C03	197	4	14	GTAATTATAT
C03	195	70	80	TGAATAGATT
C03	205	4	14	TCTATACTAA
C03	150	58	68	ATATAACTAA
C03	44	35	45	ATAATATGAA
C03	59	70	80	TTGTATAGAG
C03	103	1	11	AGTATCTATG
C03	69	2	12	CTATACTGAG
C04	147	60	70	AATATATGTT
C04	79	47	57	TAATATATTG
C04	48	56	66	ATATAATTAA
C04	161	32	42	ATATAATTAA
C04	45	27	37	ATATAATTAA
C04	73	69	79	TCATTAATAA
C04	243	18	28	AATAATATAT
C04	63	43	53	TAATAATTAT
C04	106	4	14	TGTAAATATT
C04	207	31	41	TATAATAATG
C04	36	67	77	ATAATGTAAT
C04	160	11	21	TATAATTATG
C04	142	31	41	AATGTAATAT
C04	244	11	21	AAATATTATA
C04	240	59	69	ATTAAATATA
C04	128	30	40	ATAATTAATA
C04	127	13	23	TTAATGTAAT
C04	64	37	47	TAAATATAAT
C04	231	7	17	TATAATAACA
C04	221	56	66	ATATAATTAA
C04	248	18	28	TAATTAATTG
C04	227	47	57	AAATATAATA
C04	14	42	52	CATAATTAAT
C04	132	37	47	CATATAATTA
C04	112	56	66	ATAATTATAA
C04	171	45	55	ACATAATAAT
C04	198	18	28	ACATTAATAA
C04	12	65	75	ATATAATTAA
C04	13	15	25	CAAATATATT
C04	158	56	66	ATTATAATTA
C04	151	31	41	CAAATATTAT
C04	21	69	79	TATAATAATT
C04	75	26	36	ATATAATAAT
C04	56	39	49	TAATTAATTA
C04	92	36	46	ATATAATAAA
C04	99	46	56	TTAAATATAT
C04	76	67	77	CATATAATAA
C04	87	17	27	ATATAATTAA
C04	23	60	70	ATTAATATAA
C04	31	8	18	TAATTATAAA
C04	135	39	49	TATAATATTT
C04	11	5	15	TAATTAATTG
C04	253	59	69	TATAATATGG
C04	193	55	65	TGAATATATT
C04	140	5	15	ATATAATTAA
C04	67	37	47	CATATAATAA
C04	129	17	27	AATTAATATA
C04	164	19	29	TATAATTATA
C04	68	57	67	AATATATAAA
C04	203	23	33	AATTAATATT
C04	83	65	75	TAATGTAATA
C04	7	46	56	TAATATAATT
C04	1	58	68	TAATATTAAT
C04	222	63	73	ATATAATAAA
C04	125	31	41	TATAATAACC
C04	32	18	28	TTAATTAATC
C04	54	48	58	AATAATTAGT
C04	97	30	40	AATTATGATA
C04	77	36	46	ATATATAATT
C04	59	15	25	AATATAATTA
C04	20	6	16	ATATTAATAT
C04	166	45	55	ATTAATATTG
C04	109	43	53	ATATAATAAT
C04	40	14	24	AAATAATAGA
C04	108	11	21	TATAATATTG
C04	172	18	28	ATAATAATGA
C04	104	66	76	ATATTATAAA
C04	65	43	53	ATATAATAAA
C04	170	26	36	CATATAATAA
C04	225	45	55	AAATTATATA
C04	209	6	16	GTAATAATCT
C04	85	66	76	CATATAATAA
C04	251	28	38	ATTAATAAAT
C04	121	35	45	CAATTAATAT
C04	149	28	38	ATATTAATAT
C04	239	46	56	TATAATTAAT
C04	197	71	81	CATATAATTA
C04	176	71	81	CATATAATGA
C04	250	64	74	TTTAATATCA
C04	219	62	72	AATTTATAGA
C04	69	18	28	ATATAATTAA
C04	175	71	81	CAATATAATT
C04	246	58	68	ATATAATGTA
C04	199	54	64	AAATTATTGT
C04	210	17	27	TATAATAACA
C04	224	50	60	TATAATATGA
C04	131	40	50	TAATATAAAC
C04	124	8	18	ATAATATTCA
C04	27	61	71	ATATAATTGG
C04	139	38	48	AATTATATTA
C04	238	55	65	TATAATCAAT
C04	111	38	48	ATATAATATA
C04	144	63	73	TATAATGTTA
C04	202	53	63	TATTTATGTA
C04	82	56	66	CATATAATTA
C04	78	15	25	TATAATAATG
C04	39	44	54	ACATATAATA
C04	57	9	19	TATAATAACC
C04	96	64	74	TATAATGTCA
C04	94	26	36	ATATTAAATA
C04	178	71	81	GAAAATATCA
C04	110	49	59	ATAATTGAAT
C04	33	12	22	TCAATATTAA
C04	194	29	39	GTAAAATATT
C04	122	70	80	TTCTAATAAT
C04	113	64	74	ATATTATAAT
C04	93	68	78	TCAATATTAA
C04	188	65	75	TATAATGTTT
C04	90	56	66	ATAATAGATT
C04	10	62	72	TATAATATAA
C04	226	63	73	AATATTAATG
C04	183	11	21	CATATAATAA
C04	152	39	49	ATTCATAATA
C04	174	70	80	CATAATATTA
C04	52	16	26	ATAATAAATA
C04	29	45	55	GTTATAATAA
C04	18	13	23	TTATAATTAA
C04	89	3	13	TTATAATACA
C04	232	56	66	GTTAATATTA
C04	95	31	41	TATAATGTGA
C04	2	47	57	GATCAATAAA
C04	165	2	12	ATATAAATAA
C04	34	13	23	ATAATATAAT
C04	255	24	34	ATATAATATG
C04	162	70	80	GATAATTAAT
C04	118	53	63	TATAATTATG
C04	191	31	41	TAATATATGG
C04	216	62	72	ATAAATGCGA
C04	130	48	58	ACATATAATA
C04	103	22	32	TATAATATCT
C04	141	11	21	CATATAATAA
C04	101	67	77	TATAATAATG
C04	117	16	26	ATAATATATG
C04	229	57	67	ATATAATAAA
C04	37	5	15	ATATAATTAA
C04	148	5	15	GTAAATAATC
C04	72	58	68	AATATTAAAG
C04	200	6	16	ATATAATAAA
C04	81	31	41	TATAATATGA
C04	153	58	68	ATCCAATATA
C04	189	2	12	TTATAATGAT
C04	3	52	62	TATTAATAAT
C04	60	10	20	AATATATATT
C04	133	50	60	TAGTATAAAA
C04	86	71	81	TATAATATGG
C04	234	40	50	AATTCTAATA
C04	247	24	34	AATATATATT
C04	46	71	81	AATAATCATA
C04	88	4	14	CATATAATAA
C05	151	57	67	GACAACCTAA
C05	134	33	43	GTACTCAAAT
C05	232	9	19	AACAACTCGA
C05	98	63	73	CAATTGACCC
C05	116	28	38	TAGAACCCAA
C05	92	56	66	GACCTCAAGT
C05	197	28	38	ATTCAAGACC
C05	17	25	35	AATACCTTGG
C05	103	38	48	ATCGACAAGC
C05	249	50	60	ATGAAACTCC
C05	253	23	33	CCAGTAATCC
C05	203	55	65	TCCAAACAGA
C05	115	54	64	ACTCAAGGTA
C05	122	12	22	TTCGGTAAAC
C05	120	29	39	GAAACAGATT
C05	55	48	58	CTAGTCAACA
C05	246	26	36	ATAACCTGAA
C05	178	12	22	AATTCCAGAT
C05	8	26	36	AAGAACATTG
C05	147	12	22	CTCGAACAGT
C05	215	23	33	CATACCCAGT
C05	13	63	73	AAGAATCCAT
C05	39	54	64	AAGATTACCA
C05	176	40	50	AACCAAAGTT
C05	132	57	67	AAATCCTTGC
C05	133	59	69	ATACAAGCTT
C05	91	67	77	ATTTGACCAA
C05	238	32	42	TTCAGATACC
C05	135	6	16	CAGGTTAATC
C05	84	39	49	AAAACCACGA
C05	34	48	58	AACAGCTTAA
C05	124	34	44	AACTTCAAAT
C05	106	68	78	TAGGACCTAA
C05	130	30	40	CAAAACTTCG
C05	224	28	38	GCAGAACAAA
C05	31	63	73	AATACCCATC
C05	202	26	36	AACGCAAACT
C05	47	30	40	CCAATAACAG
C05	88	43	53	TACCAATTAG
C05	37	46	56	ATTCGAAGTA
C05	70	59	69	AAATCCAGAT
C05	23	6	16	CTCCCATTTA
C05	159	42	52	CTAAGATCAA
C05	154	56	66	ACAAGCTTTG
C05	221	12	22	ATACAAGCAA
C05	143	41	51	CAAGTACAAA
C05	38	13	23	GCCCAAGATT
C05	243	65	75	ATCCCACAAG
C05	218	39	49	TAGTCAAAAC
C05	128	67	77	ACAACAAAGG
C05	200	57	67	CACAGTAAGA
C05	4	70	80	TATAACCGGT
C05	181	7	17	TAACTGGAAA
C05	109	19	29	GTACAAACGG
C05	226	41	51	AATTCAACGA
C05	107	22	32	CATCGATAAA
C05	66	12	22	TTAACAGACA
C05	108	54	64	CGACAACAAT
C05	119	41	51	TCGGTAACAC
C05	138	6	16	ATGTACCCTC
C05	75	63	73	ACAACGGGAA
C05	6	5	15	ACGTAATGCC
C05	69	32	42	AACCATGTTT
C05	231	57	67	AACTGACTTT
C05	219	19	29	AACGACAATA
C05	131	2	12	CCCACTAAGT
C05	76	31	41	GTTTGAACAA
C05	162	55	65	ATCAAATGAC
C05	9	31	41	AATCTCCACA
C05	165	64	74	TAGTGGGAAA
C05	127	32	42	AACCACATAA
C05	140	54	64	TAACAACACC
C05	82	67	77	AGGTAACCTG
C05	166	16	26	TCGATCTAAA
C05	35	54	64	CGAAATCCCA
C05	12	48	58	GAAGACTATT
C05	252	21	31	AAAAGCCATA
C05	167	67	77	TCCAAGCACT
C05	186	69	79	AAATCACACT
C05	71	30	40	GAAAACACAT
C05	141	61	71	ATTTCCTAAG
C05	20	29	39	ACAGACTTTA
C05	110	60	70	TCAAAGGCTG
C05	101	35	45	AACAAATTCC
C05	208	22	32	AGAAATCTGT
C05	149	58	68	AACACAAACG
C05	189	15	25	GATCAAACCC
C05	93	17	27	AGCCCCACTA
C05	234	67	77	CACAAACAAG
C05	16	0	10	ATAGGTCCCC
C06	241	5	15	TAATGTTTTA
C06	139	51	61	GAATGTTTTA
C06	64	67	77	ATTTGAGTAA
C06	225	62	72	TTGTAATTTG
C06	229	38	48	TAGTTTGAAT
C06	152	54	64	AGTATTTTGA
C06	163	63	73	TTTGGTTATT
C06	81	59	69	AGTATTTTGC
C06	254	4	14	CTTTGTATTT
C06	168	55	65	ATTTTGTCTA
C06	40	23	33	ATTGTCTTAA
C06	20	53	63	TTGAAGTTAT
C06	178	57	67	GCGTTGAATT
C06	165	33	43	ATTGTCTTTG
C06	239	56	66	GATTTCAGTA
C06	157	20	30	TTAGTTTTGA
C06	187	14	24	TTTGAGTATT
C06	52	32	42	TCCTATTGTG
C06	158	38	48	GTCAATTTTG
C06	83	23	33	CTTGTATTTT
C06	136	24	34	TTAATGTTTG
C06	252	38	48	TAGTTTTGAT
C06	63	30	40	TTAGTTTGAC
C06	95	3	13	TTTGGTTAGC
C06	114	6	16	TTGGTGAATT
C06	79	61	71	TAGATTTGTT
C06	238	67	77	TCAAGTTATT
C06	118	5	15	AGTCTTTATA
C06	19	61	71	CTTTATTGTA
C06	170	16	26	AAGTTTTTGA
C06	65	30	40	TGGTTTAATT
C06	62	15	25	TAATTTGTTC
C06	210	55	65	TGGGTTTATA
C06	186	6	16	TCTTTTTGAG
C06	173	6	16	ATTTGTAAGT
C06	167	46	56	AGCGTGTTTA
C06	156	3	13	TATTTGAAGT
C06	223	43	53	TTTAAATTTG
C06	222	36	46	GTTGTTTAAA
C06	49	43	53	TTTGAATTAA
C06	99	22	32	TCAGTTTGAC
C06	209	1	11	CTTTTGTAAT
C06	131	57	67	TAAGTTTTGA
C06	120	10	20	GCTTTAATGT
C06	226	68	78	TAATGGAGTT
C06	53	52	62	CTGTTGAATA
C06	175	29	39	ATTCTTGTAA
C06	72	66	76	AGTATTGGTT
C06	96	35	45	TTTAGGGTAT
C06	33	50	60	GTGGTTTAAA
C06	172	26	36	GAAGTTTCAC
C06	235	54	64	TATCGTTTTT
C06	217	4	14	GTAGGATTTT
C06	26	19	29	TTATTTTGAA
C06	6	35	45	ACTTTGTTGA
C06	67	71	81	ATTACTTGTT
C06	111	69	79	TATAAGTTTT
C06	54	60	70	TTTTAGGTTC
C06	250	43	53	CTTTGAGTGT
C06	11	36	46	TGGAGTTAAA
C06	44	8	18	AGGTTTTGGA
C06	194	65	75	CGGATTGTTT
C06	185	5	15	TGTTTGTTGA
C06	179	8	18	AGGTTTAGTT
C06	218	24	34	GTTTGGTTAT
C06	38	2	12	AGTGGTTTTA
C06	166	70	80	TTTTGTTACG
C06	90	3	13	GTTTTATAAA
C06	82	31	41	TTATGTCTTT
C06	150	36	46	TTGTATTTTC
C06	25	35	45	AGCTTTATGA
C06	35	2	12	GGTGCATTTA
C06	208	71	81	TACAGTTTGA
C06	112	1	11	GTTTTAAGTA
C06	98	0	10	ATAAGTTTTT
C06	105	0	10	ATTGTTTTAT
C06	121	69	79	TGGTTTTATT
C06	230	1	11	GTAGTTTTAA
C06	37	23	33	GGTTTTAAAG
C06	30	0	10	ATTGGGCTTT
C07	95	59	69	GATAAAACAA
C07	37	36	46	GTAAAATGAA
C07	126	55	65	AGAATAAAAG
C07	63	57	67	AATAAAAAGA
C07	79	38	48	GAACAAAAGT
C07	10	50	60	TAAGGAAAAA
C07	217	46	56	GGAAAAATTA
C07	100	2	12	AGAAAACAAG
C07	211	52	62	GTAAAAATTG
C07	233	32	42	AAACTGAAAT
C07	116	60	70	AAAAATGAGT
C07	66	20	30	CAGAAAAATA
C07	85	24	34	AGATAAAAAT
C07	140	42	52	AAAAGAAATT
C07	182	36	46	ATAGGAAAAT
C07	230	10	20	AAAAAAGATG
C07	41	59	69	CAAAAGAATA
C07	54	67	77	TTCAAAAATA
C07	12	38	48	TAAAAAATAG
C07	205	17	27	TGAAAATTAA
C07	202	17	27	GAAAAATTGA
C07	80	13	23	GAAAGCAAAA
C07	243	71	81	CAAGAAAACA
C07	27	3	13	GATTAAAAAC
C07	190	61	71	GACAAAAAGT
C07	19	30	40	ATAAAAGAAG
C07	137	69	79	TAGAAAACAA
C07	91	51	61	GGAAAAAATC
C07	219	68	78	TAGAAAAATC
C07	162	6	16	AAAAACAAGA
C07	120	40	50	TCAAAATAAT
C07	76	36	46	AACAAAAGAT
C07	198	68	78	TTCTAAAAAT
C07	88	23	33	GCGAAAAACT
C07	90	20	30	AACAAAAGAT
C07	192	40	50	AAAAGGTTGA
C07	115	71	81	TTTGAAAACA
C07	157	53	63	GAAACAAAGA
C07	160	55	65	AAAGAATTTA
C07	45	69	79	AGATTAAAAA
C07	155	31	41	TAAAAAACTT
C07	204	68	78	ATTAAAGAAT
C07	239	27	37	AAAACTGAAG
C07	8	61	71	ACCAATAAAA
C07	208	15	25	CAATAAAAGA
C07	241	64	74	AAATAAACCT
C07	69	68	78	TCAATAAAAA
C07	181	34	44	TAGGAAAAGC
C07	173	67	77	ACTTAAAAAA
C07	139	29	39	GTTTCAAAAA
C07	38	31	41	ACTAAAAGGG
C07	220	67	77	GAAAGAAATG
C07	242	57	67	AGTTAAAAAG
C07	222	68	78	ATAAACAAAA
C07	7	17	27	AACAAAATCA
C07	130	57	67	AAAAAGCTAA
C07	112	38	48	TAAACCCAAA
C07	153	3	13	AAATTCCGAA
C07	167	15	25	AAAAAAGTTT
C07	97	2	12	AAAAAATATG
C07	71	25	35	AAATGGAAAA
C07	231	50	60	CGAAGAAAAC
C07	143	65	75	TAAAATTAAA
C07	30	46	56	GTTAAAAAGT
C07	17	0	10	CAAAAAATAC
C07	124	50	60	AACCAAAAAC
C07	26	11	21	AGAAAAAGTT
C07	218	3	13	ATAAAAGATG
C07	141	43	53	TCAAAAGAAC
C07	186	52	62	GGAGAAAATG
C07	40	0	10	TAAAGCAAAC
C07	201	63	73	ATAAAGAAAG
C07	87	43	53	TGAAAATGTT
C07	252	3	13	GCCAAAAGTT
C07	1	70	80	TGTAAAAAGA
C07	148	29	39	AAATAAAAAC
C07	39	3	13	GAAAAAACCA
C08	77	45	55	TCTGAACAAT
C08	233	52	62	AGATTAAATG
C08	13	28	38	TCAAATTGAC
C08	28	40	50	AACTCAATAT
C08	192	67	77	CTTGATACCA
C08	158	33	43	ATGAAGTCAA
C08	15	22	32	TCAAATTGAC
C08	62	34	44	CAATAAGTTG
C08	237	16	26	AAATCAATAA
C08	138	37	47	CAATACTGAA
C08	64	62	72	AATCAATTTG
C08	98	41	51	GCAAATTGAC
C08	156	26	36	TCAAATATTG
C08	106	26	36	AAATTATCAG
C08	59	59	69	TATCAAATTG
C08	11	43	53	AAAATTGACA
C08	68	48	58	ATACAAAGGA
C08	8	48	58	ATTCATAAGA
C08	144	21	31	GTAAAATGAT
C08	18	56	66	AGACAAATAT
C08	123	26	36	AAAGTCCATT
C08	51	51	61	GGAAGCATTA
C08	163	51	61	CAATGAATAC
C08	80	7	17	CTTTATGAAA
C08	110	54	64	TGAATATCAA
C08	121	6	16	AAGTTGAAAT
C08	147	53	63	ATGATCAAAT
C08	209	18	28	TTCAAGTTAT
C08	240	5	15	TATTCAAATG
C08	120	35	45	GATTGTCAAA
C08	49	62	72	TAAGAATTAT
C08	217	25	35	CATAGGATCA
C08	33	5	15	TTTGAAATCA
C08	172	23	33	AATGAAGTTT
C08	41	52	62	AATTGATCAA
C08	152	28	38	ATTGAAACTA
C08	99	56	66	GAAAATCTGG
C08	238	5	15	TTTAAATGAG
C08	208	5	15	GAAATATCAA
C08	151	48	58	GATTGCAAAG
C08	36	16	26	GCTTCAAATG
C08	191	18	28	AAAGGTTGAC
C08	5	49	59	TTTCAAAGTG
C08	169	52	62	AGGATAATCC
C08	135	27	37	AAATCTTTGA
C08	125	36	46	TAACCATGAA
C08	175	37	47	AAAAGTCATT
C08	235	25	35	AAAACATTGA
C08	199	50	60	TAACAAATTA
C08	115	11	21	AAAATTGACA
C08	129	28	38	CAAAGTTGAC
C08	230	15	25	AGATGTTTGA
C08	21	6	16	GCATTGAAAG
C08	239	34	44	AAGAATTTGA
C08	16	19	29	CAAAATTGAT
C08	186	13	23	GAGCATCAAC
C08	220	33	43	CTAAATTGAC
C08	146	13	23	TCGTTGAAAA
C08	30	65	75	TGATTAATCA
C08	212	2	12	GAATCCACTT
C08	136	55	65	AAAACGATTG
C08	164	31	41	ACAATTTGCG
C08	134	36	46	CTCAAATTTG
C08	31	41	51	ATGAACAATG
C08	159	15	25	AAAATCATTT
C08	78	5	15	GAAATTGACA
C08	154	13	23	TAATCATAGA
C08	109	67	77	AAATCATAGA
C08	183	26	36	ACCATTGGCT
C08	112	45	55	AAAGTTGACA
C08	246	68	78	AAACATGTTC
C08	75	10	20	AATTCAAGAG
C08	57	62	72	ATCATTAACA
C08	126	34	44	AAGTTTCATA
C08	96	66	76	TAATGTCAAA
C08	58	7	17	CATGGCATAA
C08	221	63	73	TAATTGAGGT
C08	97	7	17	ATATGAACGC
C08	189	11	21	TTATGATCAA
C08	32	34	44	AAAATGCAGA
C08	203	49	59	TGATAATCCA
C08	104	41	51	CACAAAGTTA
C08	37	61	71	TATGCAATCC
C08	227	31	41	TAACAGAAAT
C08	7	15	25	TTAACAAAAT
C08	84	18	28	AAATGTTTGA
C08	81	41	51	GGGCAATTAC
C08	67	17	27	AGGGACAATT
C08	65	25	35	CGCAATGGTT
C08	34	24	34	GAGAATGCCA
C08	25	56	66	TAAGGATTGA
C08	153	10	20	GAAAATGATT
C08	17	14	24	CTTCAATATG
C08	202	21	31	AATTGAACGC
C08	10	40	50	TCTGAATGTC
C08	12	31	41	TGATGGATAA
C08	137	27	37	AAACAATCCG
C08	50	27	37	CATTCATTAA
C08	226	39	49	CGAATTCAAC
C08	44	49	59	TAAAGGATCA
C08	167	62	72	CTTAATCCAA
C08	171	52	62	AATGATCTAA
C08	46	25	35	CTTCAACAGT
C08	60	32	42	TCTCAAATAA
C08	35	60	70	CCCAATTGAT
C08	205	12	22	AAGTCTGAAA
C08	63	52	62	TGTGCAATAA
C08	234	1	11	CTTGAATCTT
C08	145	3	13	TGAAATGACC
C08	181	69	79	AATCATGAGA
C08	117	1	11	CAAGCGATTT
C08	218	4	14	TAAAAGATGA
C08	53	3	13	ATTCATCAAA
C08	101	70	80	AATAATGGGA
C08	71	70	80	AAAGTCAAGG
C08	252	1	11	TTGCCAAAAG
C09	29	11	21	TAGATTTTAA
C09	20	60	70	TATTAAATTT
C09	206	6	16	TAATAATTTT
C09	14	28	38	ATAATTTTTG
C09	66	70	80	ATATTTTATG
C09	198	22	32	TAATAATTTT
C09	54	10	20	TATTAATTTT
C09	70	32	42	TATAATTTTT
C09	231	16	26	AATTTATTTA
C09	247	36	46	TTTTATTAAT
C09	205	32	42	TAATTTATTT
C09	123	42	52	TTAATTATTT
C09	96	18	28	TAAATTTTAT
C09	77	19	29	TATTTTTATA
C09	118	48	58	CATTTTATAA
C09	214	58	68	TATTTAAATT
C09	219	32	42	TATTATTTTG
C09	26	66	76	ATAATTTTTA
C09	75	3	13	TATTTTTAAT
C09	225	54	64	ATAAATTTTT
C09	114	15	25	TTTTATTTAT
C09	217	10	20	TTTTAATTTA
C09	50	6	16	TATAATTTTT
C09	10	5	15	ATTATTTTAA
C09	89	20	30	TTTATAATTT
C09	142	24	34	TATTTTAAAT
C09	184	66	76	TTAATTATTT
C09	195	27	37	TTTTTAATTG
C09	193	59	69	TATATTTTAA
C09	106	43	53	ATAATTTGTT
C09	173	1	11	TAATTATTTG
C09	84	57	67	CTTTTTATAT
C09	67	24	34	ATTTAATTTT
C09	130	7	17	TTTGAATTAT
C09	47	49	59	ATAGATTTTT
C09	165	10	20	AATTTTTATA
C09	131	51	61	TATTATTAAG
C09	92	25	35	TAAATTTTGA
C09	252	57	67	ATATAATTTT
C09	249	26	36	TAAATTTATT
C09	181	44	54	TTTTTATTAA
C09	61	20	30	TATAATTTTG
C09	149	48	58	TATAATTTTG
C09	175	12	22	AATTTTTATC
C09	83	26	36	GTATTTTAAA
C09	138	67	77	ATTAATTTTT
C09	34	35	45	ATAATTTGTT
C09	228	14	24	TATAATTTTT
C09	161	69	79	GTTATTAATT
C09	110	44	54	ATTTTATAAT
C09	13	38	48	ATATAATTTT
C09	216	56	66	ATTTTTATAA
C09	143	9	19	TAATTATTTT
C09	242	66	76	GATATTTTAC
C09	105	9	19	TTAAATATTT
C09	51	21	31	AATTATTTTA
C09	201	54	64	AATTATTTTA
C09	229	29	39	CTTTATTAAT
C09	170	11	21	TATTTAAGTT
C09	185	42	52	ATTTAATTTA
C09	235	58	68	GTTTTTAATA
C09	153	49	59	ATAATTTTAA
C09	236	15	25	ATTTAATTAT
C09	58	48	58	AAATTTATAC
C09	115	30	40	ATATAATTTT
C09	18	8	18	TTAATTTATA
C09	226	30	40	TATAATTTTC
C09	98	53	63	ATAATTTTAT
C09	35	7	17	ATTTATTTAT
C09	194	33	43	AATATTATTT
C09	53	16	26	ATTTAATTTC
C09	86	41	51	TATTATTTTG
C09	22	11	21	TTATTTTATA
C09	178	24	34	AATAATTTTC
C09	33	58	68	AATTTTTATA
C09	174	55	65	GAATTTTATT
C09	182	29	39	TTATTTAATA
C09	188	17	27	TATTTTAATA
C09	121	57	67	ATATAATTTT
C09	134	1	11	AAAATTATTA
C09	151	68	78	TCTATTTTAT
C09	27	20	30	ATCATTTTAT
C09	81	51	61	CTTTTATAAG
C09	192	26	36	AATTAATTTT
C09	9	63	73	TATTTTCACT
C09	200	25	35	GTTTTAATTT
C09	74	58	68	ATTTTATTAA
C09	94	58	68	CATTTTATAT
C09	133	20	30	TATTTTCATA
C09	255	67	77	TATTTATTAA
C09	48	25	35	TTTTTAAATA
C09	196	8	18	AAAATTATCT
C09	99	1	11	CATTTTTATG
C09	65	1	11	ATTTTACAAT
C09	71	49	59	ATTTATTAGG
C09	167	1	11	TATTATTAAA
C09	162	21	31	AAATTTTTGA
C09	232	1	11	TTTTAATTAA
C10	206	60	70	CAGTTTTTGA
C10	80	4	14	TCACTTTATG
C10	217	53	63	TTAGTTTGAC
C10	226	19	29	TAACTTTGAC
C10	152	7	17	ATTTTGGTTA
C10	79	13	23	ATCTTTGAAC
C10	35	69	79	TTTTACTTGT
C10	175	42	52	TCATTTTAGA
C10	165	36	46	GTCTTTGACA
C10	0	27	37	ACTTTTGACA
C10	244	49	59	TTTGTTAGAC
C10	239	68	78	ATTACTGTTT
C10	155	41	51	GTTACTTTGA
C10	53	24	34	TCGTTTGATT
C10	219	49	59	GTCTTTGACA
C10	122	3	13	GAATTTAACT
C10	40	43	53	AATTTGTTGA
C10	5	66	76	ACGATTTTGG
C10	135	29	39	ATCTTTGACA
C10	164	10	20	CTTTTGACAT
C10	221	45	55	CTTTATTTGA
C10	170	18	28	GTTTTTGACA
C10	69	60	70	AATTTACTTC
C10	151	8	18	TCGGTTATTG
C10	136	40	50	TATTGACTTG
C10	194	49	59	ACTTTTGACA
C10	39	37	47	CTTTTTGACA
C10	146	32	42	TAGTTGAAAC
C10	127	42	52	TCTGTTTGAC
C10	163	65	75	TGGTTATTAC
C10	23	30	40	CTATTTTGAC
C10	248	51	61	TCTTTTGAAC
C10	108	20	30	GGTATTTCCT
C10	158	12	22	TTTCTTGACA
C10	64	50	60	TTTTTGACAT
C10	118	41	51	CAACTTTCAT
C10	46	42	52	GTTCATTTAT
C10	65	31	41	GGTTTAATTG
C10	130	41	51	TTTCTTGACA
C10	34	41	51	TGTTTTCAAC
C10	202	32	42	AACTTTGACA
C10	75	57	67	TTATTTACAA
C10	128	54	64	TTTACATTGA
C10	10	15	25	ACTTTTGACA
C10	12	7	17	AATTTGGTTT
C10	106	47	57	TTTGTTTAAC
C10	186	35	45	AATTTTGACA
C10	22	59	69	TAACATTTAG
C10	114	62	72	GTTCACTTTC
C10	160	27	37	TACATCTTTT
C10	228	3	13	TTACTTTGAC
C10	223	44	54	TTAAATTTGA
C10	253	6	16	TAGTTTTCGT
C10	172	48	58	ACATTTCCGT
C10	234	26	36	CACTTTGTAT
C10	215	50	60	AGACTTTGAC
C10	29	56	66	TTTTTGTACG
C10	103	65	75	ACTTTTGTTA
C10	120	12	22	TTTAATGTTT
C10	132	17	27	TATTGTTTTT
C10	168	69	79	CATGTTTTCT
C10	19	58	68	TGACTTTATT
C10	20	34	44	CTTTAGCATT
C10	138	20	30	TTTTAGTTCT
C10	236	47	57	AGTTTGACAT
C10	84	19	29	AATGTTTGAC
C10	246	15	25	TTTTACCATT
C10	38	58	68	TTTTGACATA
C10	196	64	74	AACCTTTCAG
C10	144	1	11	CATTTCGTTC
C10	153	38	48	ACTTTTGACA
C10	72	13	23	GTTAAACATT
C10	98	59	69	TTATCAATTG
C10	156	19	29	TAGTTATTCA
C10	42	36	46	GGATTTCATT
C10	6	33	43	GTACTTTGTT
C10	28	10	20	TTCATTAGGG
C10	149	51	61	AATTTTGAAC
C10	60	43	53	TTTTTTGACA
C10	154	61	71	CTTTGAATTG
C10	190	71	81	ATGCTTTTCC
C10	115	65	75	TTCTAATTTG
C10	101	58	68	TTTTTGACAT
C10	123	63	73	TTTTTGAGAC
C10	126	33	43	CAAGTTTCAT
C10	183	45	55	TTGTACAAAC
C10	255	15	25	CTCTTTGACA
C10	15	51	61	TTTTGCGAAT
C10	30	12	22	TTCGTCATTG
C10	134	56	66	GATTTTTGAC
C10	181	19	29	ACCTTATTTT
C10	50	20	30	TTTTTCACAT
C10	218	27	37	TGGTTATTTC
C10	37	19	29	TCACGGTTTT
C10	99	69	79	ACGGTTTTTC
C10	229	68	78	CTTTACTGGA
C10	109	8	18	AGTTTATATT
C10	71	13	23	TATTTTCATG
C10	245	47	57	TCATTTCATG
C10	97	69	79	CTCGACTTTT
C10	88	63	73	TTACCTTTCA
C10	189	27	37	CTCTTTGATT
C10	133	1	11	TTCACCATTT
C11	80	52	62	GTAATCTTGA
C11	70	64	74	CAGATGGTTT
C11	197	16	26	GTGAATTAGA
C11	247	65	75	GTCAATAGTT
C11	114	58	68	TAATGTTCAC
C11	147	25	35	CCAGTATTGT
C11	232	65	75	AAGTCATTGA
C11	8	12	22	TCGTTGATTA
C11	245	61	71	GTTTCAGATA
C11	3	45	55	CTGCAGTTAT
C11	134	30	40	TTGGTACTCA
C11	116	35	45	CAATTGATAG
C11	42	66	76	AATTCACGGT
C11	178	6	16	TGCCTTAATT
C11	202	69	79	CGAGTTATTG
C11	28	29	39	GAATACTTGT
C11	115	57	67	CAAGGTATTT
C11	76	28	38	TCTGTTTGAA
C11	69	43	53	TAACGCCATT
C11	165	60	70	TCACTAGTGG
C11	204	48	58	TAAAGTGATT
C11	182	56	66	CTAATTTGTG
C11	122	13	23	TCGGTAAACA
C11	164	34	44	ATTTGCGTAT
C11	120	19	29	TTTCATTGAC
C11	17	52	62	GCAGTTCATT
C11	246	23	33	TTGATAACCT
C11	46	37	47	ATGACGTTCA
C11	170	38	48	TGTAATGGCC
C11	47	37	47	CAGTGCTATT
C11	79	3	13	GACGTTCATT
C11	20	15	25	TGAGTAATCT
C11	224	23	33	CCGTTGCAGA
C11	55	45	55	TGACTAGTCA
C11	146	10	20	AACTCGTTGA
C11	51	47	57	CTGTGGAAGC
C11	135	5	15	ACAGGTTAAT
C11	84	7	17	TCAGTTATCC
C11	193	17	27	GCGTTAAATT
C11	144	38	48	ATGCTTGGTT
C11	24	50	60	TGATAGGTTA
C11	109	16	26	TTTGTACAAA
C11	244	56	66	GACCTATTGC
C11	91	15	25	CGTGCTTTGA
C11	71	17	27	TTCATGGTAA
C11	132	59	69	ATCCTTGCAT
C11	222	25	35	GTCTATTAAT
C11	231	42	52	GTGAATTTCG
C11	169	16	26	ATTGGATTAC
C11	218	32	42	ATTTCCGTAG
C11	242	11	21	TGTGGAACAG
C11	190	68	78	AGTATGCTTT
C11	192	12	22	AACGTGATAA
C11	159	30	40	TTCATAAGTC
C11	154	58	68	AAGCTTTGAA
C11	119	32	42	AATACGTTCT
C11	107	37	47	ATCGGTCAAA
C11	240	50	60	TCGTATTCAA
C11	78	68	78	CATTTACGAG
C11	21	55	65	CATGGTCTTT
C11	31	45	55	ACAATGGGTA
C11	208	26	36	ATCTGTTCAT
C11	6	27	37	GAGATCGTAC
C11	99	62	72	CTGGTATACG
C11	15	54	64	TGCGAATACT
C11	162	44	54	CAATCATTGG
C11	131	8	18	AAGTTTAGAC
C11	200	59	69	CAGTAAGATC
C11	251	60	70	GTTGGTACTC
C11	43	67	77	GAGTTGTGAT
C11	82	70	80	TAACCTGTAT
C11	126	29	39	CGTTCAAGTT
C11	39	16	26	GCAGTTTTCA
C11	75	65	75	AACGGGAATT
C11	166	7	17	CGTGTATCCT
C11	12	51	61	GACTATTTCT
C11	81	13	23	GTTCCCATGA
C11	145	20	30	TACCAGAGTG
C11	101	46	56	TTTGTGTCAA
C11	176	26	36	GCGATAATGC
C11	98	20	30	TGATGCTTCC
C11	108	59	69	ACAATCGTGT
C11	140	19	29	TTGGCATAAA
C11	110	68	78	TGCTAATGGT
C11	191	58	68	ACGACTGCTT
C11	252	24	34	AGCCATATGA
C11	255	44	54	TTTAAGCCGG
C11	226	46	56	AACGATCGAG
C12	178	28	38	ATTTTCTTAA
C12	10	33	43	TTAATTTTCT
C12	130	21	31	TTCTTTTTAC
C12	149	68	78	TTTTTTTATC
C12	118	44	54	CTTTCATTTT
C12	40	26	36	GTCTTAATTT
C12	183	53	63	ACTTTTTATC
C12	221	44	54	CCTTTATTTG
C12	245	39	49	ACTATTTTTC
C12	81	47	57	TTACCTTTTA
C12	22	55	65	TCTTTAACAT
C12	78	36	46	AATTCTTTTG
C12	216	34	44	ATTCTTTTAA
C12	175	2	12	TCTTTTTACA
C12	138	17	27	TAATTTTAGT
C12	53	19	29	TAATTTCGTT
C12	49	33	43	TAAATTTTTC
C12	12	5	15	CTAATTTGGT
C12	226	16	26	ATTTAACTTT
C12	84	55	65	AACTTTTTAT
C12	72	36	46	CCTTATTTTT
C12	244	26	36	AGTTTCTTAT
C12	89	45	55	TTTATTTTTC
C12	64	46	56	TTCCTTTTTG
C12	95	68	78	AATTTTTCTC
C12	34	38	48	ATTTGTTTTC
C12	151	1	11	CTTTATTTCG
C12	238	69	79	AAGTTATTTA
C12	126	64	74	GTTTTATTCA
C12	0	66	76	TCCTTTGTTT
C12	47	62	72	TTTTTAACTC
C12	181	42	52	GCTTTTTATT
C12	229	25	35	ATTTCTTTAT
C12	173	40	50	TAATTTTCTA
C12	103	61	71	ATTTACTTTT
C12	160	28	38	ACATCTTTTA
C12	166	67	77	TCTTTTTGTT
C12	50	16	26	TAAGTTTTTC
C12	225	27	37	TTTTATTTCT
C12	75	6	16	TTTTAATTCA
C12	253	31	41	CCTTTCAATT
C12	235	56	66	TCGTTTTTAA
C12	82	39	49	TTTTTTATCT
C12	228	18	28	ATTTTTTCTA
C12	16	64	74	TTTCCTTTAT
C12	210	44	54	TTACAATTTT
C12	184	59	69	TTACTTTTTA
C12	237	6	16	AATTCCTTTG
C12	48	68	78	GTATCTTTTC
C12	42	37	47	GATTTCATTA
C12	187	22	32	TTTTCTTGTT
C12	136	14	24	CTTTTTATGC
C12	13	42	52	AATTTTTTCT
C12	68	70	80	ATTTCTTAAT
C12	194	45	55	TTATACTTTT
C12	115	64	74	TTTCTAATTT
C12	196	11	21	ATTATCTTTT
C12	127	66	76	TTAACTTTAA
C12	38	50	60	AGTAATTTTT
C12	9	64	74	ATTTTCACTT
C12	65	61	71	TCAAATTTTT
C12	29	54	64	ATTTTTTGTA
C12	54	58	68	ATTTTTAGGT
C12	116	14	24	TTTATCTTTA
C12	60	41	51	ACTTTTTTGA
C12	86	50	60	GATTTTTATC
C12	252	66	76	TTTCTTTAAA
C12	124	59	69	CTTTTATTAA
C12	111	70	80	ATAAGTTTTA
C12	236	33	43	AGACTTTTTC
C12	119	19	29	TTCTTTTATA
C12	249	13	23	TAAAGTTTCC
C12	39	71	81	GATTCTTTAT
C12	223	59	69	AATTTCAACT
C12	255	10	20	TTTAACTCTT
C12	30	8	18	TTTTTTCGTC
C12	98	2	12	AAGTTTTTAC
C12	185	51	61	AAAACTTTAC
C12	15	45	55	TGGATTTTTT
C12	167	34	44	TTCATTGCTT
C12	88	66	76	CCTTTCAAAT
C12	77	0	10	CATTTTTGAC
C12	11	67	77	CTATTTCCCT
C12	134	51	61	CATTTGATTT
C12	97	71	81	CGACTTTTTA
C12	200	67	77	TCTTTAGTTC
C12	99	71	81	GGTTTTTCGA
C12	101	40	50	ATTCCTTTTG
C12	254	70	80	TTTTAAAGTT
C12	163	0	10	ACCCTTTAAA
C12	121	66	76	TTTTGGTTTT
C13	118	21	31	ATATTGACAT
C13	253	51	61	AATTGACATA
C13	147	44	54	TGACATATAA
C13	96	59	69	TGACATATAA
C13	73	58	68	TTGACATATA
C13	64	55	65	GACATATAAT
C13	156	31	41	TATTGACATA
C13	42	59	69	GACATATAAT
C13	244	37	47	ATTGACATAT
C13	247	51	61	TGACATATAA
C13	178	45	55	TGACATATAA
C13	181	61	71	TGACATATAA
C13	29	22	32	TGACATATAA
C13	35	29	39	TGACATATAA
C13	5	15	25	TTGACATATA
C13	56	24	34	GACATATAAT
C13	198	32	42	TGACATATAA
C13	243	28	38	TGACATATAA
C13	151	14	24	ATTGACATAT
C13	122	60	70	TGACATATAA
C13	202	38	48	GACATATAAT
C13	106	38	48	GACATATAAT
C13	192	57	67	GACATATAAT
C13	138	48	58	TGACATATAA
C13	13	33	43	TTGACATATA
C13	18	63	73	TATTGACATA
C13	31	27	37	TGACATATAA
C13	132	34	44	TGACATATAA
C13	208	56	66	AATATTGACA
C13	133	30	40	TTGACATATA
C13	142	52	62	TAATTGACAT
C13	180	6	16	GACATATAAT
C13	95	26	36	TGACATATAA
C13	123	50	60	TTGACATATA
C13	238	50	60	TGACATATAA
C13	8	2	12	GACATATAAT
C13	165	41	51	TGACATATAA
C13	170	23	33	TGACATATAA
C13	135	34	44	TGACATATAA
C13	209	28	38	TGACATATAA
C13	219	54	64	TGACATATAA
C13	171	5	15	TGACATATAA
C13	214	31	41	GACATATAAT
C13	46	10	20	GACATATAAT
C13	246	54	64	TGACATATAA
C13	103	15	25	ATTGACATAT
C13	234	11	21	TGACATATAA
C13	127	48	58	TGACATATAA
C13	152	62	72	GACATATAAT
C13	136	63	73	TGACATATAA
C13	120	49	59	TTGACATATA
C13	128	22	32	ATTGACATAT
C13	240	23	33	TGACATATAA
C13	114	35	45	TGACATATAA
C13	14	21	31	TTGACATATA
C13	204	10	20	TGACATATAA
C13	193	41	51	TGACATATAA
C13	210	11	21	TTGACATATA
C13	19	41	51	TGACATATAA
C13	190	39	49	TTGACATATA
C13	11	47	57	TTGACATATA
C13	86	63	73	TATTGACATA
C13	28	47	57	TATTGACATA
C13	199	67	77	TTGACATATA
C13	232	42	52	TTGACATATA
C13	27	58	68	GACATATAAT
C13	99	28	38	TGACATATAA
C13	158	17	27	TGACATATAA
C13	68	17	27	TGACATATAA
C13	36	61	71	TGACATATAA
C13	236	52	62	GACATATAAT
C13	230	23	33	GACATATAAT
C13	79	24	34	TGACATATAA
C13	134	63	73	GACATATAAT
C13	224	39	49	TTGACATATA
C13	104	25	35	TGACATATAA
C13	48	49	59	TATTGACATA
C13	23	35	45	TTGACATATA
C13	162	29	39	GACATATAAT
C13	110	27	37	TGACATATAA
C13	12	61	71	TGACATATAA
C13	185	13	23	GACATATAAT
C13	87	13	23	TGACATATAA
C13	154	68	78	TTGACATATA
C13	109	39	49	TGACATATAA
C13	221	52	62	TGACATATAA
C13	207	25	35	TTGACATATA
C13	217	59	69	TGACATATAA
C13	9	51	61	ATTGACATAT
C13	249	34	44	TTGACATATA
C13	237	46	56	TGACATATAA
C13	157	28	38	GACATATAAT
C13	248	23	33	AATTGACATA
C13	51	64	74	TGACATATAA
C13	119	55	65	TGACATATAA
C13	54	26	36	TGACATATAA
C13	242	23	33	TGACATATAA
C13	24	30	40	TGACATATAA
C13	196	26	36	GACATATAAT
C13	161	24	34	ATATTGACAT
C13	126	11	21	GACATATAAT
C13	143	2	12	TGACATATAA
C13	148	49	59	TTGACATATA
C13	197	67	77	TTGACATATA
C13	81	26	36	TGACATATAA
C13	65	38	48	TTGACATATA
C13	169	36	46	TGACATATAA
C13	75	22	32	TGACATATAA
C13	55	67	77	TATTGACATA
C13	2	64	74	TTGACATATA
C13	176	67	77	TTGACATATA
C13	80	59	69	TGACATATAA
C13	82	52	62	TTGACATATA
C13	177	13	23	TGACATATAA
C13	215	57	67	GACATATAAT
C13	63	35	45	TTGACATATA
C13	213	25	35	AATTGACATA
C13	17	68	78	TTGACATATA
C13	174	38	48	ATTGACATAT
C13	3	69	79	TTGACATATA
C13	146	69	79	TTGACATATA
C13	59	6	16	TTGACATATA
C13	254	47	57	TGACATATAA
C13	98	46	56	TTGACATATA
C13	222	59	69	TGACATATAA
C13	107	64	74	TGACATATAA
C13	71	40	50	TGACATATAA
C13	0	33	43	GACATATAAT
C13	92	31	41	TTGACATATA
C13	175	57	67	TTGACATATA
C13	47	5	15	TGACATATAA
C13	20	67	77	TTTGACATAT
C13	188	60	70	TGACATATAA
C13	7	38	48	TTGACATATA
C13	145	39	49	TTTGACATAT
C13	26	60	70	TGACATATAA
C13	164	14	24	TGACATATAA
C13	187	4	14	TGACATATAA
C13	76	62	72	ATTGACATAT
C13	84	25	35	TGACATATAA
C13	163	16	26	CATATAATTT
C13	70	26	36	TTGACATATA
C13	53	38	48	TTGACATATA
C13	61	15	25	TGACATATAA
C13	226	25	35	TGACATATAA
C13	60	48	58	TGACATATAA
C13	40	50	60	TGACATATAA
C13	21	64	74	TGACATATAA
C13	39	42	52	TGACATATAA
C13	220	37	47	ATTGACATAT
C13	105	15	25	ATTTGACATA
C13	186	40	50	TGACATATAA
C13	194	55	65	GACATATAAT
C13	49	16	26	TTGACATATA
C13	223	51	61	TGACATATAA
C13	203	44	54	ATTATTGATA
C13	34	30	40	GCCATATAAT
C13	173	16	26	TGACATATAA
C13	100	49	59	TTGACATATA
C13	233	18	28	TGACATATAA
C13	43	42	52	TGACATATAA
C13	41	11	21	ATTGACATAT
C13	112	49	59	TTGACATATA
C13	22	45	55	TGACATATAA
C13	97	21	31	TTGACATATA
C13	32	67	77	TTGACATATA
C13	45	21	31	ATTGACATAT
C13	250	26	36	GACATATAAT
C13	231	1	11	TTGACATATA
C13	155	47	57	TTGACATATA
C13	16	51	61	TTGACATATA
C13	211	60	70	TGACATATAA
C13	108	4	14	TTTGACATAT
C13	216	68	78	GCGATATACA
C13	139	6	16	TTTGACATAT
C13	85	62	72	TTGACATATA
C13	227	5	15	TGACATATAA
C13	144	57	67	TTGACATATA
C13	168	13	23	TTTGACATAT
C13	30	19	29	TTGACATATA
C13	15	27	37	TTGACATATA
C13	125	68	78	TATACAATCG
C13	38	61	71	TGACATATAA
C13	94	40	50	TGACATATAA
C13	91	22	32	TGACATATAA
C13	57	2	12	TTTGACATAT
C13	129	33	43	TTGACATATA
C13	37	56	66	CCTATTATGC
C13	90	47	57	CATTGACATA
C13	121	52	62	TTGACATATA
C13	131	29	39	CTATTGACAT
C13	93	34	44	TATTGACATA
C13	201	33	43	GTTGACATAT
C13	117	7	17	ATTTGACATA
C13	72	45	55	TGACATATAA
C13	255	19	29	TTGACATATA
C13	184	49	59	TGACATATAA
C13	130	45	55	TTGACATATA
C13	228	7	17	TTTGACATAT
C13	191	22	32	GTTGACATAT
C13	252	53	63	TGACATATAA
C13	89	64	74	TCTTGACATA
C13	101	63	73	GACATATAAT
C13	33	36	46	TTGACATATA
C13	62	2	12	TTGACATATA
C13	189	8	18	TGATTATGAT
C13	69	11	21	GATTGACATA
C13	78	20	30	TAATGCAATA
C13	251	18	28	CATCATTATT
C13	25	60	70	GATTGACATA
C13	179	20	30	GTTGACATAT
C14	231	35	45	AATTAAAGTG
C14	77	55	65	ATTTAAAGTA
C14	80	20	30	AAAGTTAATT
C14	40	37	47	AAAGCTAATT
C14	232	19	29	GTTATAAATC
C14	190	31	41	TAAGTAATTT
C14	86	10	20	AAAATTAGTT
C14	107	53	63	AAAGTATAAT
C14	217	49	59	AAAATTAGTT
C14	106	58	68	AATATTAAGT
C14	116	64	74	ATGAGTATTA
C14	3	17	27	AAGGTAATTA
C14	166	21	31	CTAAAAATTG
C14	100	40	50	TAAATTAAGT
C14	146	18	28	GAAAATAGAT
C14	135	23	33	TTAAAAATCT
C14	42	43	53	ATTAAATAAA
C14	78	29	39	ACTGGTAAAT
C14	92	62	72	AAGTTAAATC
C14	178	17	27	CAGATAAAAT
C14	126	52	62	TTAAGAATAA
C14	143	46	56	ACAAAATCTA
C14	222	9	19	TAAATAAGAC
C14	214	13	23	GTTTAAAACA
C14	90	24	34	AAAGATTTAT
C14	132	43	53	ATTAAAATGA
C14	211	33	43	GCAGAAATTT
C14	136	50	60	GTAATAAAAC
C14	144	19	29	TAGTAAAATG
C14	75	38	48	AGTTAAATCT
C14	226	54	64	AGATAAACAA
C14	204	62	72	GTATAAATTA
C14	38	28	38	ATGACTAAAA
C14	170	32	42	ATAAACTGTA
C14	202	57	67	TATGTAAAGA
C14	198	65	75	AAGTTCTAAA
C14	73	29	39	TAACAAAGTA
C14	76	17	27	ACAAAATTTA
C14	117	28	38	ATTAAATTAG
C14	133	56	66	AAAATACAAG
C14	41	61	71	AAAGAATACA
C14	82	61	71	AATTAAAGGT
C14	79	41	51	CAAAAGTAAT
C14	193	19	29	GTTAAATTAC
C14	47	42	52	CTATTAAATA
C14	39	50	60	AATAAAGATT
C14	233	35	45	CTGAAATAGT
C14	196	2	12	TAAGATAAAA
C14	228	54	64	AGTAAATTTA
C14	91	60	70	CTTATAAATT
C14	109	25	35	ACGGTTAATA
C14	31	56	66	TTGTTAAAAT
C14	63	68	78	ATTCCTTATA
C14	192	15	25	GTGATAAAAT
C14	173	64	74	GATACTTAAA
C14	124	63	73	TATTAAAGCT
C14	154	16	26	TCATAGAAAA
C14	85	22	32	TGAGATAAAA
C14	175	35	45	GTAAAAGTCA
C14	130	63	73	CTAATCGTAA
C14	49	60	70	CTTAAGAATT
C14	182	53	63	AGGCTAATTT
C14	200	43	53	GATTATAAAG
C14	37	44	54	AAATTCGAAG
C14	177	35	45	AACGGAAATA
C14	11	39	49	AGTTAAAATT
C14	157	57	67	CAAAGATAAT
C14	8	18	28	ATTAATCAAA
C14	17	21	31	ATGAAATACC
C14	183	65	75	CGTTAAAGGA
C14	156	63	73	AACTTAAAGG
C14	181	3	13	AATGTAACTG
C14	9	23	33	TAATTAGTAA
C14	70	56	66	ATTAAATCCA
C14	88	19	29	TATAGCGAAA
C14	103	54	64	CCTAATAATT
C14	30	43	53	ATCGTTAAAA
C14	218	40	50	AGTCAAAACT
C14	113	45	55	AAAGTCTAGA
C14	24	66	76	TTATAAAACT
C14	0	57	67	ACGAAAATAT
C14	23	19	29	GGTTTAAACT
C14	241	66	76	ATAAACCTTG
C14	191	1	11	ATAAAGTTAC
C14	194	27	37	ACGTAAAATA
C14	119	26	36	ATAGTAAATA
C14	195	15	25	TACGAAATAA
C14	141	54	64	AAGAATAATT
C14	74	47	57	GGAAAGCATT
C14	138	2	12	TAAAATGTAC
C14	197	39	49	GGTTAAAACT
C14	221	17	27	AGCAATTTGT
C14	247	19	29	GTCGAAATAT
C14	131	70	80	TTAAAGTTAA
C14	140	34	44	TCGCCTAAAA
C14	161	47	57	AGGGTAAACA
C14	101	32	42	ATAAACAAAT
C14	12	42	52	AAATAGGAAG
C14	54	63	73	TAGGTTCAAA
C14	255	40	50	TGGATTTAAG
C14	98	27	37	TCCAAATTAA
C14	27	0	10	TGAGATTAAA
C14	71	21	31	TGGTAAATGG
C14	208	20	30	AAAGAAATCT
C15	160	17	27	TATGAAGTAT
C15	198	15	25	AGTACATTAA
C15	63	11	21	GATATTAAGT
C15	193	51	61	TAAGTGAATA
C15	140	67	77	ATAAGTTATG
C15	245	19	29	TTGTAGATAA
C15	240	15	25	ATAATAGTTG
C15	95	18	28	AAATAGTTTG
C15	139	42	52	ATATTAGTTG
C15	227	57	67	CATTTAAGTA
C15	185	66	76	TAATTATTAG
C15	41	25	35	TTAGTAGAAT
C15	48	60	70	AATTAACAGT
C15	49	10	20	AATAAGTTGA
C15	67	51	61	TCGTATTAAT
C15	1	53	63	TTGAGTAATA
C15	96	41	51	GTATTAAGAT
C15	64	69	79	TTGAGTAATC
C15	242	49	59	CTTATTGTAG
C15	100	43	53	ATTAAGTTGA
C15	127	8	18	AGTATTTAAT
C15	31	4	14	ATAGTAATTA
C15	228	51	61	GATAGTAAAT
C15	244	20	30	ACCATAAGTT
C15	178	52	62	TAATAGCGTT
C15	50	31	41	CATTAAGTAT
C15	199	44	54	ATTATGTAAC
C15	20	55	65	GAAGTTATTA
C15	83	60	70	AGTATTAATG
C15	29	4	14	AGTCAATTAG
C15	248	15	25	AGCTAATTAA
C15	85	50	60	GTAGATTAAT
C15	216	24	34	AGTATTTAAG
C15	212	45	55	ATTAAGATTA
C15	104	45	55	AAGTTATTCT
C15	213	13	23	TTTAGATAAT
C15	54	49	59	ATAATTAGTA
C15	40	17	27	TAATAGATTG
C15	81	56	66	ATAAGTATTT
C15	238	14	24	GAATAGTAAT
C15	14	47	57	TTAATAAGTT
C15	209	5	15	TGTAATAATC
C15	157	40	50	ATGTTAGATA
C15	26	24	34	TTGAATAGTA
C15	233	55	65	TTAAATGTAG
C15	75	32	42	TAATGTAGTT
C15	144	18	28	TTAGTAAAAT
C15	229	34	44	TTAATAGTTT
C15	111	25	35	TAGAAATATT
C15	172	61	71	GATAAGTATA
C15	7	8	18	AATATTGTTA
C15	138	52	62	ATATAATCAG
C15	77	29	39	AGGTAGAATA
C15	171	34	44	GTGCTAAATT
C15	254	53	63	ATAATAGTGA
C15	24	9	19	TCTTATAAGT
C15	150	24	34	TTTAATAGTA
C15	206	2	12	TAGTTAATAA
C15	235	62	72	TTAATATGTA
C15	92	19	29	TGTATCTAAA
C15	203	28	38	ATATTAGTCG
C15	180	40	50	AAATTAATAG
C15	99	42	52	GATGTTAAAT
C15	145	58	68	TAATACAGTT
C15	11	8	18	TTAATTGATA
C15	121	8	18	GTTGAAATAT
C15	208	68	78	TAATACAGTT
C15	87	19	29	ATAATTAAGT
C15	59	44	54	AATATAGTGA
C15	74	15	25	AACTAGTTGA
C15	173	19	29	CATATAATTA
C15	236	0	10	TTCTAATTGT
C15	146	1	11	ATAGTATTCA
C15	176	9	19	TAATAGATTT
C15	177	22	32	ATTTAGAATA
C15	168	25	35	TAAGATTAAG
C15	170	5	15	AGTATATATT
C15	90	57	67	TAATAGATTT
C15	42	3	13	ATTCATAGTA
C15	174	33	43	GGATAATTGA
C15	137	55	65	CTATGAAATT
C15	52	50	60	TATAATTAGC
C15	225	42	52	CTGAAATTAT
C15	220	9	19	CAAGTATTGT
C15	107	8	18	AGTATATTTG
C15	125	13	23	TACTAAGTTG
C15	179	68	78	AAGATTAATG
C15	120	5	15	GTATAGCTTT
C15	237	27	37	GAGTATTATG
C15	226	65	75	TATTAATGGA
C15	152	41	51	TCATAATAAG
C15	86	2	12	TATAAGTCAA
C15	105	43	53	GTCTTATATT
C15	25	19	29	ATAGTTATAA
C15	70	6	16	TATGAAGTAT
C15	250	30	40	TATAATTAGC
C15	217	2	12	TAGTAGGATT
C15	32	13	23	AGCATTTAAT
C15	113	4	14	TATTAACGTT
C15	72	61	71	ATTAAAGTAT
C15	133	45	55	TGTTATAGTA
C15	153	66	76	TAGATAAGAT
C15	8	71	81	AAGTTTATCA
C15	165	17	27	ATATACGAGT
C15	0	11	21	CAGTTAATAT
C15	28	1	11	TAAGATAATT
C15	214	3	13	CGTATTTAAA
C15	53	45	55	ATAATACCTG
C15	112	8	18	GTAGTTTATT
C15	182	31	41	ATTTAATAGG
C15	101	6	16	TGTAAATTAT
C15	191	33	43	ATATATGGTG
C15	167	22	32	TTTGACATAT
C15	239	3	13	AAATAGCGTG
C15	33	19	29	TAATATCTGA
C15	197	2	12	GCGTAATTAT
C15	210	69	79	CCTTATGTAG
C15	38	46	56	AACTAGTAAT
C15	195	71	81	GAATAGATTA
C15	102	10	20	ATAATGTTGA
C15	60	1	11	AGTAAGATAA
C15	44	36	46	TAATATGAAG
C15	201	70	80	AAGTATTAAG
C15	141	1	11	TAGAATTTGA
C15	71	50	60	TTTATTAGGA
C15	241	48	58	AATAGAATAA
C15	56	0	10	TATAAGTAAA
C15	69	4	14	ATACTGAGAT
C15	149	0	10	TGAAGATTAA
C16	48	53	63	GACATATAAT
C16	208	63	73	ACATATAATA
C16	160	8	18	ACATATAATT
C16	23	37	47	GACATATAAT
C16	20	69	79	TGACATATAA
C16	4	21	31	GACATATAAT
C16	139	9	19	GACATATAAT
C16	253	54	64	TGACATATAA
C16	45	24	34	GACATATAAT
C16	178	46	56	GACATATAAT
C16	195	35	45	TGACATATAA
C16	207	27	37	GACATATAAT
C16	161	28	38	TGACATATAA
C16	151	17	27	GACATATAAT
C16	41	14	24	GACATATAAT
C16	231	4	14	ACATATAATA
C16	138	49	59	GACATATAAT
C16	111	34	44	TGACATATAA
C16	248	26	36	TGACATATAA
C16	83	43	53	GACATATAAT
C16	58	59	69	TGACATATAA
C16	190	41	51	GACATATAAT
C16	165	43	53	ACATATAATT
C16	122	62	72	ACATATAATT
C16	240	24	34	GACATATAAT
C16	137	6	16	GACATATAAT
C16	9	53	63	TGACATATAA
C16	2	66	76	GACATATAAT
C16	3	71	81	GACATATAAT
C16	69	15	25	GACATATAAT
C16	34	7	17	TGACATATAA
C16	57	5	15	GACATATAAT
C16	131	33	43	TGACATATAA
C16	193	42	52	GACATATAAT
C16	206	16	26	GACATATAAT
C16	73	61	71	ACATATAATC
C16	95	27	37	GACATATAAT
C16	235	33	43	GACATATAAT
C16	108	7	17	GACATATAAT
C16	66	30	40	TTGACATATA
C16	76	65	75	GACATATAAT
C16	92	33	43	GACATATAAT
C16	74	23	33	GACATATAAT
C16	172	13	23	GACATATAAT
C16	105	19	29	GACATATAAT
C16	78	11	21	GACATATAAT
C16	136	64	74	GACATATAAT
C16	217	60	70	GACATATAAT
C16	123	52	62	GACATATAAT
C16	191	25	35	GACATATAAT
C16	18	67	77	GACATATAAT
C16	63	37	47	GACATATAAT
C16	142	56	66	TGACATATAA
C16	113	14	24	GACATATAAT
C16	174	41	51	GACATATAAT
C16	254	49	59	ACATATAATA
C16	77	7	17	GACATATAAT
C16	36	62	72	GACATATAAT
C16	10	21	31	GACATATAAT
C16	135	35	45	GACATATAAT
C16	213	29	39	GACATATAAT
C16	14	38	48	ATAACATAAT
C16	203	16	26	GACATATAAT
C16	239	42	52	GACATATAAT
C16	89	68	78	GACATATAAT
C16	245	10	20	GACATATAAT
C16	210	13	23	GACATATAAT
C16	163	14	24	GACATATAAT
C16	17	70	80	GACATATAAT
C16	128	25	35	GACATATAAT
C16	242	24	34	GACATATAAT
C16	79	25	35	GACATATAAT
C16	55	70	80	TGACATATAA
C16	67	35	45	GACATATAAT
C16	7	40	50	GACATATAAT
C16	144	59	69	GACATATAAT
C16	134	64	74	ACATATAATA
C16	116	3	13	GACATATAAT
C16	212	69	79	GACATATAAT
C16	90	51	61	GACATATAAT
C16	53	40	50	GACATATAAT
C16	68	18	28	GACATATAAT
C16	117	10	20	TGACATATAA
C16	177	14	24	GACATATAAT
C16	124	4	14	ACATATAATA
C16	166	52	62	TTGACATATA
C16	221	53	63	GACATATAAT
C16	251	6	16	ACATATAATA
C16	175	60	70	ACATATAATG
C16	49	18	28	GACATATAAT
C16	182	19	29	TGACATATAA
C16	32	69	79	GACATATAAT
C16	205	55	65	TTGACATATA
C16	164	16	26	ACATATAATT
C16	97	23	33	GACATATAAT
C16	100	51	61	GACATATAAT
C16	75	24	34	ACATATAATA
C16	222	61	71	ACATATAATA
C16	119	57	67	ACATATAATA
C16	168	16	26	GACATATAAT
C16	234	13	23	ACATATAATA
C16	12	63	73	ACATATAATT
C16	154	70	80	GACATATAAT
C16	216	10	20	GACATATAAT
C16	149	43	53	TGACATATAA
C16	244	16	26	TTATACCATA
C16	140	2	12	GACATATAAT
C16	115	16	26	TGACATATAA
C16	93	38	48	GACATATAAT
C16	227	51	61	ATAATACATT
C16	155	49	59	GACATATAAT
C16	21	66	76	ACATATAATA
C16	112	51	61	GACATATAAT
C16	148	51	61	GACATATAAT
C16	241	41	51	GACATATAAT
C16	159	3	13	ACATATAATT
C16	183	8	18	TGACATATAA
C16	85	64	74	GACATATAAT
C16	65	40	50	GACATATAAT
C16	121	11	21	GAAATATACA
C16	16	53	63	GACATATAAT
C16	243	22	32	ATATATTGAC
C16	145	42	52	GACATATAAT
C16	141	8	18	TGACATATAA
C16	204	13	23	CATATAATAC
C16	249	37	47	ACATATAATA
C16	228	9	19	TGACATATAA
C16	86	67	77	GACATATAAT
C16	199	70	80	ACATATAATT
C16	129	35	45	GACATATAAT
C16	62	5	15	ACATATAATC
C16	50	1	11	TGACATATAA
C16	200	2	12	TGACATATAA
C16	197	70	80	ACATATAATT
C16	54	21	31	TATATTGACA
C16	81	28	38	ACATATAATA
C16	125	22	32	GACATATAAT
C16	229	54	64	GACATATAAT
C16	143	4	14	ACATATAATT
C16	220	39	49	TGACATATAA
C16	52	47	57	ACATATAATT
C16	6	43	53	GACATATAAT
C16	102	17	27	TGACATATAA
C16	109	41	51	ACATATAATA
C16	43	6	16	ACATATATTG
C16	201	36	46	GACATATAAT
C16	224	42	52	ACATATAATA
C16	132	2	12	ATATAACATA
C16	179	24	34	ACATATAATA
C16	225	13	23	TTGACATATA
C16	250	27	37	ACATATAATT
C16	1	3	13	GACATATAAT
C16	59	9	19	ACATATAATA
C16	11	2	12	GCATAATTAA
C16	71	42	52	ACATATAATT
C16	40	52	62	ACATATAATA
C16	189	58	68	GACATATAAT
C16	255	21	31	GACATATAAT
C16	30	21	31	GACATATAAT
C16	44	60	70	TGACATATAA
C16	37	2	12	GACATATAAT
C16	130	47	57	GACATATAAT
C16	167	25	35	GACATATAAT
C16	15	29	39	GACATATAAT
C16	236	68	78	CTATCATATA
C16	72	46	56	GACATATAAT
C16	94	43	53	CATATAATAC
C16	33	38	48	GACATATAAT
C16	153	16	26	GATTACTATA
C16	218	63	73	GACATATAAT
C16	25	63	73	TGACATATAA
C16	186	43	53	CATATAATAG
C16	91	25	35	CATATAATAC
C16	150	5	15	GACATATAAT
C16	198	1	11	TGCATATAGT
C16	88	2	12	GACATATAAT
C16	110	1	11	ACTTATAATA
C16	26	33	43	ATATAATATG
C16	27	30	40	ATAATATACA
C17	138	27	37	TCTGTAATTG
C17	59	32	42	TATTAAGTTG
C17	109	31	41	AATATGTTTG
C17	100	29	39	TATTTGTAAT
C17	48	39	49	GTTGTATGAA
C17	95	19	29	AATAGTTTGA
C17	31	20	30	GTATGTTTGA
C17	231	65	75	TTAATGTAGT
C17	5	55	65	AGTGTAATTA
C17	75	46	56	CTTGTATTAA
C17	85	53	63	GATTAATTGT
C17	154	6	16	CTTGTGATAA
C17	49	65	75	GAATTATGTG
C17	230	44	54	TAGAATATGT
C17	214	43	53	GCATGTTTAA
C17	192	47	57	TGAATAGTTT
C17	87	63	73	AAATTGTGTT
C17	187	46	56	ATAGTGTATT
C17	29	40	50	TGATGGTTAT
C17	83	32	42	TAAATGTACT
C17	222	29	39	ATTAATGGTT
C17	67	54	64	TATTAATGCT
C17	202	71	81	AGTTATTGTA
C17	3	19	29	GGTAATTATG
C17	82	26	36	CATTGTTATG
C17	185	28	38	TAAATATTGT
C17	178	55	65	TAGCGTTGAA
C17	40	41	51	CTAATTTGTT
C17	50	60	70	GGTGTTATAG
C17	63	29	39	ATTAGTTTGA
C17	171	15	25	TTCGTTGTAA
C17	19	46	56	TATAATTGTG
C17	118	15	25	TTTGTAATAT
C17	238	19	29	GTAATGTATC
C17	232	23	33	TAAATCTGTT
C17	86	13	23	ATTAGTTGAC
C17	136	45	55	ACTTGGTAAT
C17	254	56	66	ATAGTGATGT
C17	26	51	61	TGTCTAATTT
C17	207	36	46	TAATGTTACT
C17	42	20	30	TTATGTTAGA
C17	11	24	34	TAATCTGTAT
C17	241	27	37	GTAGTGTTTA
C17	8	8	18	TAATTCGTTG
C17	132	70	80	ATATGTTAGT
C17	173	10	20	GTAAGTTGAC
C17	221	23	33	TTGTTAATAG
C17	127	40	50	AATCTGTTTG
C17	198	51	61	ATTGTGGTAT
C17	193	10	20	ATATTGTGCG
C17	246	2	12	AATGTATTGA
C17	237	34	44	ATGTATGGAA
C17	197	57	67	TTGTAATGAA
C17	208	49	59	AGTGGATAAT
C17	225	66	76	AATTTGAAGT
C17	204	24	34	GTATGTCATT
C17	243	5	15	ACTAAATGTG
C17	247	56	66	TATAATTGGG
C17	245	27	37	AAATGGTACT
C17	92	66	76	TAAATCATGT
C17	255	35	45	TTGTATGGAT
C17	144	41	51	CTTGGTTATT
C17	114	3	13	ATATTGGTGA
C17	72	5	15	AAATGTACGT
C17	20	12	22	ATATGAGTAA
C17	143	56	66	GTTATGCGTT
C17	177	43	53	TAATGTGGAG
C17	162	36	46	AATTTGTACA
C17	191	36	46	TATGGTGATC
C17	163	24	34	TTGGAGTATA
C17	133	44	54	ATGTTATAGT
C17	125	46	56	TGGTGATACT
C17	1	62	72	ATTAATGGTG
C17	168	65	75	GGTACATGTT
C17	179	70	80	GATTAATGTC
C17	201	28	38	TGATAGTTGA
C17	129	11	21	GTGTTGAATT
C17	99	60	70	ATCTGGTATA
C17	223	35	45	ATAATTGGTT
C17	227	12	22	TAATGTGTTT
C17	203	35	45	TCGGTATTCA
C17	32	26	36	TCATGTTTAA
C17	250	15	25	AGGTTCATGT
C17	47	11	21	ATAATAGTGT
C17	188	49	59	TATGTCTTGT
C17	108	71	81	GTGTAATTAC
C17	160	41	51	TGTATAGTGA
C17	180	1	11	GTGTTGACAT
C17	194	20	30	ATTGTTGACG
C17	101	4	14	CGTGTAAATT
C17	53	48	58	ATACCTGTTG
C17	242	8	18	TTATGTGGAA
C17	253	64	74	TATGGTAATG
C17	111	2	12	TCTGTATGAT
C17	46	31	41	CAGTGTATGA
C17	65	69	79	TTGTAAATGT
C17	70	8	18	TGAAGTATGA
C17	110	70	80	CTAATGGTAT
C17	170	49	59	GTTTATATGT
C17	150	29	39	TAGTATGTTG
C17	218	20	30	AGTAGTTTGG
C17	33	46	56	ATATGTGGTT
C17	38	0	10	ATAGTGGTTT
C17	35	1	11	AGGTGCATTT
C17	104	3	13	TGTTAACCAG
C17	52	4	14	TGTGAGTATA
C17	140	10	20	ATTAATGGGT
C18	45	35	45	AAAGATACCG
C18	217	21	31	TAAACATAGG
C18	90	38	48	ATAGGATAAC
C18	177	27	37	GAATACTAAA
C18	3	11	21	CTATACAAGG
C18	191	13	23	ACTATAAAGG
C18	58	12	22	CATAAAGTAC
C18	112	62	72	ATAAACTCGA
C18	14	9	19	CACTAATAGC
C18	8	56	66	GAGATACCAA
C18	97	49	59	TAAACAGATA
C18	193	32	42	ATAGTAACTT
C18	140	62	72	CCGATATAAG
C18	171	27	37	CAAATTAGTG
C18	156	42	52	AATGAACTAA
C18	172	34	44	ACTAAGTATC
C18	211	27	37	TATAACGCAG
C18	233	37	47	GAAATAGTAA
C18	21	45	55	ACCTAATAAG
C18	180	24	34	ATAAGCTAAC
C18	27	41	51	TACGATAAGC
C18	38	26	36	AGATGACTAA
C18	18	53	63	ATAAGACAAA
C18	23	53	63	GGACGTAATT
C18	237	20	30	CAATAACGAG
C18	37	52	62	AGTACCTATT
C18	73	26	36	GCATAACAAA
C18	168	31	41	TAAGAACTGC
C18	78	26	36	AATACTGGTA
C18	36	43	53	TATACTTAAA
C18	93	44	54	TAATAGAACC
C18	199	20	30	CTAATTAGAC
C18	49	48	58	ATTAACTAAG
C18	28	36	46	TGTAAACTCA
C18	105	29	39	TCAATACAGT
C18	226	53	63	GAGATAAACA
C18	109	51	61	ATAAGCCGAT
C18	239	17	27	AGCTAATACC
C18	222	7	17	TGTAAATAAG
C18	212	10	20	TTAAACGCCA
C18	12	69	79	AATTAACAGG
C18	67	10	20	TTAACATAGG
C18	190	56	66	TCATAGACAA
C18	253	20	30	ATACCAGTAA
C18	231	28	38	ACATAGTAAT
C18	220	32	42	ACTAAATTGA
C18	111	20	30	ATACTTAGAA
C18	24	47	57	AACTGATAGG
C18	34	50	60	CAGCTTAAGA
C18	15	5	15	TAAACTACAA
C18	42	4	14	TTCATAGTAA
C18	158	0	10	GAAGTACAAT
C18	92	48	58	AATACATAGA
C18	221	9	19	CTAATACAAG
C18	195	12	22	CTATACGAAA
C18	117	42	52	GAAACAATAC
C18	154	14	24	AATCATAGAA
C18	30	40	50	ACTATCGTTA
C18	56	9	19	ATATGAACTA
C18	176	43	53	CAAAGTTACT
C18	157	66	76	TGCCTAGACA
C18	219	22	32	GACAATAATC
C18	43	52	62	TAACTACAAG
C18	137	30	40	CAATCCGTAT
C18	236	21	31	TTATAGGCAG
C18	243	3	13	GGACTAAATG
C18	91	32	42	TACCAATTAG
C18	59	55	65	TAGCTATCAA
C18	68	52	62	AAAGGAATAT
C18	218	13	23	AAGATACAGT
C18	119	28	38	AGTAAATACG
C18	205	8	18	TACTAAGTCT
C18	86	22	32	CTAACGTATG
C18	102	52	62	TCCGATAAGT
C18	113	49	59	TCTAGATTAA
C18	74	34	44	TACTAGAAGA
C18	129	23	33	TATACCAAAG
C18	120	67	77	AGTAAGAACA
C18	88	18	28	TTATAGCGAA
C18	60	69	79	AATCTAACAA
C18	9	24	34	AATTAGTAAT
C18	0	10	20	ACAGTTAATA
C18	80	45	55	CAATTACGTA
C18	148	37	47	ACTACCGATG
C18	66	11	21	TTTAACAGAC
C18	251	39	49	ATAGAAACGA
C18	2	24	34	GCTTACACAA
C18	10	67	77	TATAAACAGA
C18	224	65	75	GACCTAAGCT
C18	141	29	39	AACACAATAG
C18	121	1	11	AACGCAAGTT
C18	61	52	62	AATACGAAAG
C18	161	44	54	ATCAGGGTAA
C18	87	56	66	CGATACGAAA
C18	110	11	21	AACTAACTGA
C18	6	3	13	AAACGTAATG
C18	50	52	62	TTACACAAGG
C18	186	46	56	ATAATAGGAG
C18	145	17	27	CTATACCAGA
C18	246	42	52	ATACGTAACA
C18	130	71	81	AAAATACTTG
C18	17	3	13	AAAATACTCT
C18	114	71	81	CGATAGTATA
C18	55	0	10	TATAGCAAAA
C19	96	53	63	ATTATTTGAC
C19	123	46	56	TTATTTGACA
C19	35	24	34	TAATTTGACA
C19	204	5	15	AATTTTGACA
C19	253	47	57	TTATAATTGA
C19	20	64	74	AAATTTGACA
C19	64	65	75	CAATTTGAGT
C19	29	16	26	TTTAATTGAC
C19	198	28	38	TTTTTGACAT
C19	95	21	31	TAGTTTGACA
C19	152	57	67	ATTTTGACAT
C19	73	53	63	CGTTATTGAC
C19	207	17	27	ATTAATGATT
C19	79	53	63	ATTGAATTTA
C19	162	25	35	TTTTGACATA
C19	210	7	17	TTATTTGACA
C19	140	71	81	GTTATGATTC
C19	92	28	38	ATTTTGACAT
C19	180	12	22	TAATTTGATT
C19	81	22	32	ATTTTGACAT
C19	3	1	11	AATTTGATAA
C19	56	65	75	TTATAATGAT
C19	53	26	36	GTTTGATTAT
C19	151	10	20	GGTTATTGAC
C19	70	24	34	ATTTGACATA
C19	31	34	44	TAATTTGATG
C19	209	22	32	AGTTATTGAC
C19	190	35	45	TAATTTGACA
C19	199	62	72	GTAATTTGAC
C19	132	30	40	AATTTGACAT
C19	170	20	30	TTTTGACATA
C19	23	32	42	ATTTTGACAT
C19	135	30	40	TCTTTGACAT
C19	195	30	40	TTAATTGACA
C19	206	11	21	ATTTTGACAT
C19	144	54	64	ATTTTGACAT
C19	158	6	16	CAATGATTTC
C19	2	4	14	TTTGACAATT
C19	249	29	39	ATTTATTGAC
C19	163	19	29	ATAATTTGGA
C19	178	59	69	GTTGAATTTA
C19	171	2	12	ATTTGACATA
C19	46	6	16	ATTTGACATA
C19	7	34	44	TGATTTGACA
C19	65	33	43	TTTAATTGAC
C19	223	47	57	AATTTGACAT
C19	139	4	14	ATTTTGACAT
C19	240	2	12	GATTATTCAA
C19	106	8	18	AATATTTGCA
C19	221	48	58	TATTTGACAT
C19	14	33	43	TTTTGATAAC
C19	134	60	70	TTTGACATAT
C19	145	36	46	TAATTTGACA
C19	27	50	60	CATTATTTGA
C19	68	11	21	ATTGATTGAC
C19	241	35	45	TAATTTGACA
C19	28	7	17	AATTTCATTA
C19	187	10	20	ATAATTTGAG
C19	105	13	23	ATATTTGACA
C19	165	38	48	CTTTGACATA
C19	16	25	35	TGATTGTATT
C19	168	51	61	TATGATTTTG
C19	229	48	58	AATTTTGACA
C19	244	46	56	TAATTTGTTA
C19	239	52	62	TAATGATTTC
C19	212	61	71	CATTATTTGA
C19	125	53	63	ACTTTAATGA
C19	108	17	27	ATTGGTATTT
C19	234	29	39	TTTGTATTAT
C19	118	7	17	TCTTTATATT
C19	26	54	64	CTAATTTGAC
C19	51	35	45	TATGATTTCT
C19	160	3	13	ATTTGACATA
C19	76	49	59	AATTTATGAA
C19	107	11	21	ATATTTGATC
C19	128	49	59	ATGATTTTAC
C19	157	24	34	TTTTGACATA
C19	36	56	66	CTTATTGACA
C19	149	20	30	TGAATTTCAT
C19	11	7	17	ATTAATTGAT
C19	111	12	22	AGAATTTCAT
C19	194	3	13	TACATTGATT
C19	72	23	33	TTTTGATATA
C19	133	24	34	TTCATATTGA
C19	41	31	41	GAATTTAATG
C19	154	64	74	TGAATTGACA
C19	213	10	20	GCATTTAGAT
C19	62	46	56	GACAATATTG
C19	121	50	60	CTTTGACATA
C19	114	51	61	ATTTTGATAA
C19	38	60	70	TTGACATATA
C19	136	37	47	TCTTATTGAC
C19	254	13	23	TGTAATTTCA
C19	33	64	74	TATATGATTT
C19	77	3	13	TTTTGACATA
C19	67	31	41	TTTTGACATA
C19	60	45	55	TTTTGACATA
C19	186	37	47	TTTTGACATA
C19	196	23	33	TTTGACATAT
C19	59	63	73	AAATTGATTG
C19	99	4	14	TTTTATGTCA
C19	142	20	30	TGACTATTTT
C19	174	34	44	GATAATTGAC
C19	0	30	40	TTTGACATAT
C19	238	3	13	AATTTAAATG
C19	227	2	12	TTTTGACATA
C19	245	5	15	AAATTGACAT
C19	130	4	14	CTATTTGAAT
C19	153	41	51	TTTGACATAT
C19	189	40	50	AGAATTATCA
C19	250	58	68	ATTGTATTTA
C19	230	64	74	CTATTTGACT
C19	10	17	27	TTTTGACATA
C19	246	6	16	TATTGATCAT
C19	57	1	11	GTTTGACATA
C19	117	6	16	GATTTGACAT
C19	5	63	73	TATACGATTT
C19	94	12	22	TTATTGATAA
C19	122	0	10	GTTGAATTTA
C19	252	54	64	GACATATAAT
C19	201	50	60	GTTCAATTAT
C19	131	61	71	TTTTGATAAT
C19	188	55	65	TTGTTTGACA
C19	32	24	34	AATCATGTTT
C19	82	42	52	TTTATCTGTA
C19	129	13	23	GTTGAATTAA
C19	61	26	36	TTTGTAATTG
C19	218	58	68	TATTTGACAT
C19	52	23	33	ATATTGATTT
C19	222	53	63	ATAGATTGAC
C19	110	40	50	GAGAATTTTA
C19	141	4	14	AATTTGACAT
C19	255	17	27	CTTTGACATA
C19	184	46	56	ATTTGACATA
C19	58	0	10	GAGATTTCAT
C19	169	71	81	TCTTTATGAT
C19	22	70	80	TTCGGATTAT
C19	6	40	50	GTTGACATAT
C19	242	6	16	TTTTATGTGG
C19	21	2	12	TATGGCATTG
C19	251	1	11	TTTTGACATA
C19	150	40	50	ATTTTCTACA
C19	74	50	60	AAGCATTTAT
C19	87	38	48	GAATTTGAAA
C20	11	19	29	AGAGGTAATC
C20	174	15	25	TAATTGGAGT
C20	85	47	57	AAGGTAGATT
C20	95	54	64	TAGAGGATAA
C20	179	43	53	TGGAGAAATC
C20	230	41	51	GGTTAGAATA
C20	45	53	63	CTAGGAAATC
C20	222	45	55	AGAGTTGGAT
C20	204	57	67	TCAGAGTATA
C20	232	29	39	TGTTTAGGAA
C20	74	37	47	TAGAAGATTT
C20	238	10	20	ATGAGAATAG
C20	50	67	77	TAGAGTGAAA
C20	228	62	72	TAAGAAGGAC
C20	118	1	11	ATGAAGTCTT
C20	123	22	32	ATGGAAAGTC
C20	75	13	23	TCAAGAGTTT
C20	198	62	72	GATAAGTTCT
C20	83	16	26	AAGATAGCTT
C20	192	44	54	GGTTGAATAG
C20	156	59	69	AGTGAACTTA
C20	138	57	67	ATCAGAGGTA
C20	236	27	37	GCAGTAAGAC
C20	202	66	76	AAGCGAGTTA
C20	82	8	18	TCTGAATAGC
C20	181	31	41	TCTTAGGAAA
C20	106	65	75	AGTTAGGACC
C20	43	63	73	CTAGGAGTTG
C20	61	57	67	GAAAGGAGAT
C20	19	35	45	AGAAGTTGAC
C20	23	50	60	TCAGGACGTA
C20	24	48	58	ACTGATAGGT
C20	10	45	55	ATGTCTAAGG
C20	28	12	22	CATTAGGGAC
C20	59	0	10	GGTAAGTTGA
C20	76	41	51	AAGATAGGAA
C20	42	31	41	TACTAGGATT
C20	152	50	60	GAGAAGTATT
C20	73	15	25	CTTAGATGAG
C20	176	17	27	TTAGTAGGAG
C20	243	2	12	AGGACTAAAT
C20	221	64	74	AATTGAGGTC
C20	29	34	44	TTAGACTGAT
C20	218	11	21	TGAAGATACA
C20	105	39	49	AAGAGTCTTA
C20	68	5	15	TTAGGAATTG
C20	113	47	57	AGTCTAGATT
C20	213	58	68	TGAGAGTATC
C20	252	44	54	TGATAGAGTT
C20	60	21	31	TGATAGAGAA
C20	120	65	75	CGAGTAAGAA
C20	200	33	43	TTAAGGCCGA
C20	49	58	68	TTCTTAAGAA
C20	102	54	64	CGATAAGTAG
C20	67	14	24	CATAGGGACA
C20	21	10	20	TGAAAGAAGA
C20	114	28	38	GTAGTCTTGA
C20	36	27	37	TGAGAAACTC
C20	81	38	48	TGAGGGCAAT
C20	201	10	20	ATACGGAGAA
C20	34	22	32	TAGAGAATGC
C20	117	56	66	GAGGGTTATA
C20	182	61	71	TTGTGAGAAT
C20	12	44	54	ATAGGAAGAC
C20	139	58	68	TTAGAAAGAT
C20	231	44	54	GAATTTCGAA
C20	186	49	59	ATAGGAGAAA
C20	110	36	46	ATCAGAGAAT
C20	154	20	30	AGAAAAGTCG
C20	185	71	81	ATTAGAAGCG
C20	87	4	14	GAAACAGATT
C20	22	33	43	TAAGAGCTAT
C20	199	39	49	AAGAGATTAT
C20	226	50	60	ATCGAGATAA
C20	224	71	81	AGCTAGGTGT
C20	170	66	76	TTTCTGAGTC
C20	44	12	22	TTTGGAAGAT
C20	145	63	73	CAGTTGAAAG
C20	71	54	64	TTAGGAAGGA
C20	229	71	81	TACTGGATAG
C20	141	34	44	AATAGGGGAT
C20	26	3	13	TGGAAGGTAG
C20	107	3	13	TAGAGAGTAT
C20	220	58	68	TAGAATCCTG
C20	7	3	13	AAGAGAATAT
C20	125	1	11	GTGAGAATCA
C20	15	69	79	CAAGGGTTAA
C20	255	43	53	ATTTAAGCCG
C20	191	67	77	TGAGCAGATG
C20	184	43	53	GGGATTTGAC
C20	119	69	79	CTCACAGAGA
C21	127	52	62	ATATAATTTA
C21	219	58	68	ATATAATTTA
C21	244	42	52	CATATAATTT
C21	122	64	74	ATATAATTCT
C21	23	41	51	TATAATATTT
C21	56	27	37	ATATAATCTT
C21	217	64	74	TATAATATTT
C21	247	40	50	ATTAATACAT
C21	177	16	26	CATATAATTT
C21	151	35	45	TATTATTCAA
C21	5	20	30	ATATAATCTT
C21	9	70	80	ACTTATAATT
C21	165	45	55	ATATAATTAG
C21	123	55	65	ATATAATATT
C21	234	33	43	TATTATTAAT
C21	195	47	57	GCTTATTATA
C21	131	48	58	ACTTATTATT
C21	24	33	43	CATATAATTT
C21	142	34	44	GTAATATTTC
C21	14	24	34	ACATATAATT
C21	66	43	53	TATTATATTC
C21	153	45	55	ACATATAATT
C21	57	48	58	TAATTATATC
C21	84	63	73	ATATCATTAC
C21	248	65	75	TACTATTTCA
C21	207	11	21	ATTAACATTA
C21	148	56	66	ATAATTTATA
C21	0	35	45	CATATAATTC
C21	166	47	57	TAATATTGAC
C21	116	10	20	AATATTTATC
C21	198	19	29	CATTAATAAT
C21	155	50	60	ACATATAATT
C21	4	13	23	CTTATATTGA
C21	205	59	69	CATATAATTT
C21	105	22	32	ATATAATTCA
C21	134	3	13	AATTATTACA
C21	161	21	31	ATTATATTGA
C21	137	9	19	ATATAATCTT
C21	22	50	60	TATAATCTTT
C21	139	14	24	ATAATATCTT
C21	193	57	67	AATATATTTT
C21	175	21	31	CGATAATTAT
C21	73	46	56	TTATATTCGT
C21	149	26	36	TCATATTAAT
C21	171	9	19	ATATAATTCG
C21	77	38	48	ATATAATTCT
C21	210	2	12	ACTTATTATT
C21	13	36	46	ACATATAATT
C21	226	28	38	CATATAATTT
C21	89	16	26	TACATTTATA
C21	10	27	37	TAATACTTAA
C21	206	35	45	TAAATTATAT
C21	113	59	69	TTACAATATT
C21	239	62	72	AGTATTATTA
C21	236	55	65	ATATAATTCA
C21	135	42	52	AATATTTAAT
C21	227	53	63	AATACATTTA
C21	38	63	73	ACATATAATT
C21	106	41	51	ATATAATTTG
C21	215	11	21	TCTTAATATT
C21	70	29	39	ACATATAATT
C21	33	15	25	ATATTAATAT
C21	184	10	20	CTTATTATAT
C21	242	44	54	GAATACTTAT
C21	61	17	27	ACATATAATT
C21	152	34	44	ACTATATTCA
C21	16	40	50	ATATTTATAA
C21	143	5	15	CATATAATTA
C21	202	51	61	TATATTTATG
C21	68	22	32	TATAATATTC
C21	188	23	33	AATAATTATC
C21	231	19	29	TTATTTATCA
C21	72	28	38	ATATATTACC
C21	50	3	13	ACATATAATT
C21	34	32	42	CATATAATTT
C21	130	11	21	AATTATTATA
C21	35	10	20	TATTTATATC
C21	228	11	21	ACATATAATT
C21	98	50	60	CATATAATTT
C21	58	50	60	ATTTATACTT
C21	46	14	24	TATAATGATT
C21	250	3	13	TATTTATTAC
C21	119	60	70	TATAATATTC
C21	7	49	59	TATAATTCCT
C21	54	17	27	TTTATATATT
C21	249	6	16	ATATCATTAA
C21	118	51	61	TTTATAATTA
C21	223	53	63	ACATATAATT
C21	251	22	32	ATTATTATTA
C21	71	44	54	ATATAATTTA
C21	216	46	56	ATATATTACG
C21	20	4	14	TTATATTAAT
C21	32	15	25	CATTTAATTA
C21	86	37	47	GATATATTAT
C21	2	69	79	ATATAATCTT
C21	64	40	50	ATATAATTCC
C21	115	27	37	CTAATATAAT
C21	92	21	31	TATCTAAATT
C21	6	46	56	ATATAATTTA
C21	27	47	57	AAGCATTATT
C21	211	64	74	ATATAATTAC
C21	212	37	47	CATTATCAAT
C21	103	69	79	TTGTTATATC
C21	176	0	10	AATATTACTT
C21	121	54	64	GACATATAAT
C21	108	14	24	AATATTGGTA
C21	204	1	11	ATCTAATTTT
C21	170	8	18	ATATATTTAA
C21	26	63	73	CATATAATTT
C21	168	5	15	AACTATTATT
C21	94	4	14	GTTAATATTT
C21	199	5	15	ATTCTTATTT
C21	60	13	23	ATATATTTTG
C21	18	10	20	AATTTATAAT
C21	74	62	72	TATTAATACA
C21	225	8	18	AATTATTGAC
C21	28	3	13	AGATAATTTC
C21	19	5	15	CCTAATTTAT
C21	252	55	65	ACATATAATT
C21	59	18	28	ATAATTATCT
C21	25	0	10	TATTATCATA
C21	95	47	57	ATATATTTAG
C21	62	9	19	ATAATCTAAT
C21	41	46	56	CCTATTAATT
C21	182	23	33	ATATAATTAT
C21	150	21	31	TCATTTAATA
C21	189	43	53	ATTATCATTA
C21	194	31	41	AAAATATTAT
C21	93	63	73	TGCTATCAAT
C21	51	18	28	GTTAATTATT
C21	83	70	80	TAATATTTAC
C21	45	5	15	TCTTATTTAA
C21	167	27	37	CATATAATTC
C21	218	65	75	CATATAATCT
C21	112	12	22	TTTATTATAC
C21	47	45	55	TTAAATAGAT
C21	65	11	21	TTCATACTAT
C21	1	11	21	ATATATCTTT
C21	132	13	23	TCACTATTGT
C21	200	19	29	ATATACGTTT
C21	235	52	62	AATATCGTTT
C21	52	21	31	AAATATTGAT
C22	178	36	46	AACATATCTT
C22	80	69	79	TCCTTAATCT
C22	206	52	62	TAATTCTACA
C22	34	58	68	GATCTCATTT
C22	122	53	63	ATATTCTTGA
C22	68	41	51	TATCTTCATA
C22	173	48	58	TACTATTCAG
C22	191	43	53	ATCAATCTTA
C22	192	63	73	TAATCTTGAT
C22	24	4	14	ATAATTCTTA
C22	5	24	34	AATCTTTACA
C22	109	58	68	GATTATCTCA
C22	164	50	60	CATAATTTCT
C22	147	6	16	AATTATCTCG
C22	196	42	52	TCATTAATCT
C22	18	46	56	TTATCTCATA
C22	103	10	20	GTCTAATTGA
C22	199	17	27	ATCCTAATTA
C22	51	37	47	TGATTTCTAA
C22	2	17	27	ATCATTAGCT
C22	14	5	15	AATTCACTAA
C22	42	53	63	GCTCTTGACA
C22	146	4	14	GTATTCAACT
C22	247	3	13	TCACTATCTT
C22	29	27	37	TATAATCTTA
C22	186	19	29	CAACTTATCA
C22	119	63	73	AATATTCTCA
C22	84	3	13	CTTATCAGTT
C22	48	65	75	ACAGTATCTT
C22	4	50	60	TTCATTCTAA
C22	127	38	48	ATAATCTGTT
C22	195	59	69	ATAATCTTAT
C22	73	7	17	TAAATCTACT
C22	56	51	61	TATCTTTACC
C22	238	63	73	ATATTCAAGT
C22	228	31	41	CAATCTATTA
C22	111	15	25	ATTTCATACT
C22	123	29	39	GTCCATTATT
C22	46	56	66	TATCTATCTT
C22	77	41	51	TAATTCTGAA
C22	240	39	49	CATGAATTCT
C22	207	43	53	ACTATCTGAT
C22	101	21	31	CTTCATCTAT
C22	215	67	77	CGTTATTTCT
C22	64	71	81	GAGTAATCTT
C22	217	34	44	AATTCACTTA
C22	244	23	33	ATAAGTTTCT
C22	253	26	36	GTAATCCTTT
C22	22	40	50	TATCTTGACA
C22	135	28	38	AATCTTTGAC
C22	165	55	65	TATTATCACT
C22	161	6	16	CTCGAATTTA
C22	65	55	65	TCGCTATCAA
C22	233	63	73	AGCTATTCAG
C22	241	18	28	TATCTTCATG
C22	121	45	55	ATCATCTTTG
C22	126	47	57	CATTCTTAAG
C22	236	57	67	ATAATTCACT
C22	118	4	14	AAGTCTTTAT
C22	120	54	64	ATATAATCTC
C22	81	4	14	ACTCATCTAG
C22	86	57	67	ATCTCATATT
C22	131	26	36	TCTCTATTGA
C22	139	17	27	ATATCTTGAT
C22	97	61	71	AGGATATTCT
C22	221	34	44	TTATCTTATG
C22	144	4	14	TTCGTTCTAA
C22	79	8	18	TCATTATCTT
C22	19	2	12	GATCCTAATT
C22	89	61	71	CTATCTTGAC
C22	152	65	75	ATATAATCTG
C22	17	12	22	TACTTCAATA
C22	3	65	75	CTCTTTGACA
C22	142	38	48	TATTTCTAAA
C22	50	46	56	AATCTCTTAC
C22	209	13	23	TCTAATTCAA
C22	183	59	69	TATCATCGTT
C22	224	10	20	GTACTTTCAT
C22	13	52	62	CTAAGTATTC
C22	12	2	12	ACTCTAATTT
C22	9	27	37	TAGTAATCTC
C22	35	15	25	ATATCTGTTT
C22	60	63	73	GATCCTAATC
C22	188	33	43	TAAGATATCA
C22	155	67	77	TATTAGGATC
C22	151	62	72	CCTAATTCTA
C22	237	3	13	TAGAATTCCT
C22	136	34	44	CTATCTTATT
C22	248	47	57	GCTATCTTTT
C22	23	45	55	ATATTTCAGG
C22	169	62	72	ATTTCATACT
C22	114	20	30	TTTATCAAGT
C22	157	12	22	ATTAGATCTT
C22	143	51	61	ATCTAGTTAT
C22	21	26	36	ATCATACTTG
C22	40	67	77	CTTAAATCCT
C22	59	21	31	ATTATCTGTC
C22	235	49	59	CTCAATATCG
C22	210	62	72	ATATTCACCT
C22	93	54	64	TATCTAATTT
C22	62	69	79	GCATTAACTC
C22	132	11	21	AATCACTATT
C22	115	60	70	GGTATTTCTA
C22	116	17	27	ATCTTTAATC
C22	219	24	34	CAATAATCTA
C22	249	60	70	ATCTCTTAAA
C22	174	61	71	TATTCTCATC
C22	57	61	71	AATCATTAAC
C22	6	14	24	CCTTTATCTC
C22	124	22	32	ATTACATCGT
C22	208	38	48	TTTCTAATAT
C22	225	31	41	ATTTCTAGTA
C22	44	20	30	ATCATTCCTA
C22	76	24	34	TTAATCTGTT
C22	107	69	79	TATAATTCGT
C22	37	13	23	AAATTCTCAC
C22	203	36	46	CGGTATTCAT
C22	218	67	77	TATAATCTTT
C22	234	3	13	TGAATCTTTG
C22	167	60	70	ATCTTAATCC
C22	25	6	16	CATAAATCTC
C22	96	3	13	CTATCTTCAT
C22	133	6	16	CATTTCGTAT
C22	33	0	10	ACATCTTTGA
C22	154	37	47	ATTATCTAAT
C22	0	62	72	AATATCCTTT
C22	250	12	22	CCTAGGTTCA
C22	134	69	79	TAATATCTCA
C22	176	53	63	ACTCAATATA
C22	166	15	25	CTCGATCTAA
C22	163	71	81	TTACGCTCTA
C22	160	70	80	AATCTAATTT
C22	200	65	75	GATCTTTAGT
C22	38	70	80	ATTTTCAGTC
C22	189	26	36	CCTCTTTGAT
C22	223	23	33	TTTCATCACC
C22	49	0	10	CTCTGGTCTT
C23	2	52	62	ATAAATTAAA
C23	155	62	72	AAAAATATTA
C23	235	11	21	ATTAAAATTA
C23	66	64	74	AAAAGAATAT
C23	111	47	57	AAAAATTAAT
C23	58	41	51	TAAATTAAAA
C23	166	41	51	CAAAATTAAT
C23	6	61	71	AAATTAAAAC
C23	101	10	20	AATTATAAAA
C23	4	38	48	ACAAAATATA
C23	68	64	74	AAATAAATTT
C23	19	26	36	AATTATAAAA
C23	178	67	77	TAATGAAAAT
C23	97	41	51	AATGTTAATA
C23	96	25	35	TATAAATAAC
C23	40	12	22	TTAAATAATA
C23	137	19	29	AATTAATAAA
C23	219	65	75	TTATAGAAAA
C23	149	9	19	ATAAAAATAT
C23	88	14	24	AAAATTATAG
C23	167	54	64	TAATAAATCT
C23	140	46	56	GAAATTATTA
C23	53	10	20	AAAATAATTT
C23	236	12	22	AAAATTTAAT
C23	90	63	73	ATTTAAAATT
C23	18	16	26	TAATTAAAAT
C23	205	26	36	AACTAATAAT
C23	124	13	23	ATTCAAATAA
C23	139	35	45	AAAAATTATA
C23	171	58	68	CTAAAATATT
C23	160	63	73	TAAAATTAAT
C23	182	10	20	AAAATTAATT
C23	183	36	46	ATAAAAAATT
C23	242	61	71	AAAAAGATAT
C23	45	31	41	AATTAAAGAT
C23	147	1	11	TTTAAAATTA
C23	46	1	11	ATAAAATTTG
C23	226	59	69	AACAAATATT
C23	196	4	14	AGATAAAATT
C23	50	39	49	ATAAAATAAT
C23	164	23	33	ATTATAAAAC
C23	131	66	76	ATAATTAAAG
C23	204	66	76	AAATTAAAGA
C23	25	26	36	TAAATTAAAA
C23	229	60	70	TAATAAAACT
C23	188	8	18	ATAAAAAACT
C23	48	15	25	GTATAAAAAT
C23	76	71	81	TAATAAATTC
C23	81	67	77	GCAAATAAAT
C23	230	29	39	TAATTTCAAA
C23	10	56	66	AAAAATTATA
C23	222	66	76	TAATAAACAA
C23	245	1	11	AATTAAATTG
C23	195	18	28	GAAATAAAAT
C23	128	42	52	GATAAAAATG
C23	130	51	61	TATAATAAAA
C23	72	0	10	AAATTAAATG
C23	85	68	78	TATAATAAAA
C23	20	43	53	TTAAAATTGA
C23	104	69	79	TTATAAAACA
C23	165	4	14	ATAAATAATT
C23	233	24	34	ATAATCAAAA
C23	37	8	18	TAATTAAATT
C23	134	0	10	TAAAATTATT
C23	121	32	42	ATCCAATTAA
C23	153	0	10	ATAAAATTCC
C23	8	60	70	TACCAATAAA
C23	24	69	79	TAAAACTAAT
C23	141	22	32	AAATTTAAAC
C23	0	0	10	TAAATAAAAC
C23	200	9	19	TAATAAAACT
C23	64	5	15	AAACATAAAA
C23	143	64	74	TTAAAATTAA
C23	248	71	81	TTCAAATTAT
C23	162	3	13	ATTAAAAACA
C23	234	42	52	TTCTAATAAA
C23	110	5	15	ATAATAAACT
C23	198	71	81	TAAAAATAAT
C23	218	0	10	TGAATAAAAG
C23	95	63	73	AAACAAATTT
C23	239	0	10	ATTAAATAGC
C23	54	71	81	AAAATAAACA
C23	70	48	58	ATTAAATAAT
C23	69	70	80	AATAAAAATT
C23	112	23	33	TATAGGAAAA
C23	201	61	71	TTATAAAGAA
C23	61	71	81	TTATTAAAGA
C23	170	0	10	AGAAAAGTAT
C23	255	71	81	TATTAAATAA
