1.925000000000000000e+02	4.185000000000000000e+02	3.625000000000000000e+02	1.405000000000000000e+02
2.945000000000000000e+02	4.605000000000000000e+02	2.175000000000000000e+02	1.415000000000000000e+02
1.097500000000000000e+03	3.500000000000000000e+00	8.500000000000000000e+00	4.500000000000000000e+00
2.945000000000000000e+02	3.425000000000000000e+02	2.095000000000000000e+02	2.675000000000000000e+02
3.475000000000000000e+02	2.825000000000000000e+02	2.635000000000000000e+02	2.205000000000000000e+02
1.104500000000000000e+03	7.500000000000000000e+00	1.500000000000000000e+00	5.000000000000000000e-01
5.905000000000000000e+02	2.085000000000000000e+02	9.550000000000000000e+01	2.195000000000000000e+02
2.385000000000000000e+02	3.065000000000000000e+02	2.425000000000000000e+02	3.265000000000000000e+02
1.385000000000000000e+02	3.745000000000000000e+02	3.205000000000000000e+02	2.805000000000000000e+02
1.785000000000000000e+02	4.295000000000000000e+02	2.565000000000000000e+02	2.495000000000000000e+02
