split	family	candidate	tolerance_bp	precision	recall	f1	true_positives	prediction_count_positive	prediction_count_control	truth_count	pwm_similarity	reference_eligible	mean_interval_iou_of_predictions	scenario	seed	method	width
development	0	C00	0	0.9552238805970149	1.0	0.9770992366412213	128	128	6	128	0.9481244186716881	True	1.0	S6_pair_variable	20261012	A0	6
development	0	C00	1	0.9552238805970149	1.0	0.9770992366412213	128	128	6	128	0.9481244186716881	True	1.0	S6_pair_variable	20261012	A0	6
development	0	C00	2	0.9552238805970149	1.0	0.9770992366412213	128	128	6	128	0.9481244186716881	True	1.0	S6_pair_variable	20261012	A0	6
development	0	C00	3	0.9552238805970149	1.0	0.9770992366412213	128	128	6	128	0.9481244186716881	True	1.0	S6_pair_variable	20261012	A0	6
test	0	C00	0	0.9922480620155039	1.0	0.9961089494163424	128	128	1	128	0.9481244186716881	True	1.0	S6_pair_variable	20261012	A0	6
test	0	C00	1	0.9922480620155039	1.0	0.9961089494163424	128	128	1	128	0.9481244186716881	True	1.0	S6_pair_variable	20261012	A0	6
test	0	C00	2	0.9922480620155039	1.0	0.9961089494163424	128	128	1	128	0.9481244186716881	True	1.0	S6_pair_variable	20261012	A0	6
test	0	C00	3	0.9922480620155039	1.0	0.9961089494163424	128	128	1	128	0.9481244186716881	True	1.0	S6_pair_variable	20261012	A0	6
development	1	C10	0	0.9481481481481482	1.0	0.973384030418251	128	128	7	128	0.8440614779134679	True	1.0	S6_pair_variable	20261012	A0	6
development	1	C10	1	0.9481481481481482	1.0	0.973384030418251	128	128	7	128	0.8440614779134679	True	1.0	S6_pair_variable	20261012	A0	6
development	1	C10	2	0.9481481481481482	1.0	0.973384030418251	128	128	7	128	0.8440614779134679	True	1.0	S6_pair_variable	20261012	A0	6
development	1	C10	3	0.9481481481481482	1.0	0.973384030418251	128	128	7	128	0.8440614779134679	True	1.0	S6_pair_variable	20261012	A0	6
test	1	C10	0	0.9393939393939394	0.96875	0.9538461538461539	124	128	4	128	0.8440614779134679	True	0.96875	S6_pair_variable	20261012	A0	6
test	1	C10	1	0.9393939393939394	0.96875	0.9538461538461539	124	128	4	128	0.8440614779134679	True	0.96875	S6_pair_variable	20261012	A0	6
test	1	C10	2	0.9393939393939394	0.96875	0.9538461538461539	124	128	4	128	0.8440614779134679	True	0.96875	S6_pair_variable	20261012	A0	6
test	1	C10	3	0.9393939393939394	0.96875	0.9538461538461539	124	128	4	128	0.8440614779134679	True	0.96875	S6_pair_variable	20261012	A0	6
